CPU_ALL,CPU Total VM-12-13-centos,User%,Sys%,Wait%,Idle%,Steal%,Busy,CPUs
CPU_ALL,T0001,2.2,5.7,2.6,89.6,0.0,,2
CPU_ALL,T0002,0.7,0.7,0.4,98.2,0.0,,2
CPU_ALL,T0003,0.3,0.3,0.1,99.3,0.0,,2
CPU_ALL,T0004,0.8,0.9,0.5,97.8,0.0,,2
CPU_ALL,T0005,0.2,0.3,0.1,99.4,0.0,,2
CPU_ALL,T0006,0.8,1.2,0.4,97.6,0.0,,2
CPU_ALL,T0007,0.4,0.3,0.1,99.2,0.0,,2
CPU_ALL,T0008,3.1,1.1,0.4,95.4,0.0,,2
CPU_ALL,T0009,0.5,0.7,0.1,98.7,0.0,,2
CPU_ALL,T0010,0.8,0.8,0.4,98.0,0.0,,2
CPU_ALL,T0011,0.4,0.9,0.1,98.6,0.0,,2
CPU_ALL,T0012,0.7,0.7,0.4,98.2,0.0,,2
CPU_ALL,T0013,0.3,0.8,0.0,98.9,0.0,,2
CPU_ALL,T0014,0.7,1.3,0.6,97.4,0.0,,2
CPU_ALL,T0015,0.4,0.3,0.0,99.3,0.0,,2
CPU_ALL,T0016,0.6,0.8,0.7,97.9,0.0,,2
CPU_ALL,T0017,0.3,0.4,0.0,99.3,0.0,,2
CPU_ALL,T0018,1.0,1.2,0.6,97.2,0.0,,2
CPU_ALL,T0019,0.4,0.2,0.1,99.3,0.0,,2
CPU_ALL,T0020,3.0,1.2,0.7,95.1,0.0,,2
CPU_ALL,T0021,0.6,0.4,0.0,99.0,0.0,,2
CPU_ALL,T0022,0.6,0.8,0.7,97.9,0.0,,2
CPU_ALL,T0023,2.2,0.8,0.0,97.0,0.0,,2
CPU_ALL,T0024,0.7,0.8,0.5,98.0,0.0,,2
CPU_ALL,T0025,0.4,0.7,0.1,98.8,0.0,,2
CPU_ALL,T0026,0.7,0.9,0.4,98.0,0.0,,2
CPU_ALL,T0027,0.3,0.6,0.1,99.0,0.0,,2
CPU_ALL,T0028,0.7,0.8,0.5,98.0,0.0,,2
CPU_ALL,T0029,0.3,0.4,0.1,99.2,0.0,,2
CPU_ALL,T0030,1.2,1.3,0.5,97.0,0.0,,2
CPU_ALL,T0031,0.3,0.4,0.2,99.1,0.0,,2
CPU_ALL,T0032,3.1,1.1,0.5,95.3,0.0,,2
CPU_ALL,T0033,0.6,0.6,0.3,98.5,0.0,,2
CPU_ALL,T0034,0.6,0.8,0.5,98.1,0.0,,2
CPU_ALL,T0035,0.4,0.6,0.0,99.0,0.0,,2
CPU_ALL,T0036,0.7,0.7,0.5,98.1,0.0,,2
CPU_ALL,T0037,0.3,0.4,0.1,99.2,0.0,,2
CPU_ALL,T0038,0.9,1.2,0.4,97.5,0.0,,2
CPU_ALL,T0039,0.2,0.5,0.1,99.2,0.0,,2
CPU_ALL,T0040,0.7,1.0,0.5,97.8,0.0,,2
CPU_ALL,T0041,0.2,0.3,0.0,99.5,0.0,,2
CPU_ALL,T0042,1.3,2.0,0.6,96.1,0.0,,2
CPU_ALL,T0043,0.2,0.3,0.0,99.5,0.0,,2
CPU_ALL,T0044,3.1,1.4,0.6,94.9,0.0,,2
CPU_ALL,T0045,0.4,0.5,0.0,99.1,0.0,,2
CPU_ALL,T0046,0.7,0.7,0.4,98.2,0.0,,2
CPU_ALL,T0047,0.4,0.9,0.1,98.6,0.0,,2
CPU_ALL,T0048,0.8,0.7,0.4,98.1,0.0,,2
CPU_ALL,T0049,0.3,0.4,0.2,99.1,0.0,,2
CPU_ALL,T0050,0.8,0.7,0.5,98.0,0.0,,2
CPU_ALL,T0051,0.3,0.3,0.0,99.4,0.0,,2
CPU_ALL,T0052,0.6,0.7,0.4,98.3,0.0,,2
CPU_ALL,T0053,0.3,0.4,0.2,99.1,0.0,,2
CPU_ALL,T0054,0.9,1.1,0.4,97.6,0.0,,2
CPU_ALL,T0055,0.4,0.9,0.1,98.6,0.0,,2
CPU_ALL,T0056,3.0,1.1,0.4,95.5,0.0,,2
CPU_ALL,T0057,0.6,0.4,0.0,99.0,0.0,,2
CPU_ALL,T0058,0.7,0.9,0.5,97.9,0.0,,2
CPU_ALL,T0059,2.3,1.0,0.1,96.6,0.0,,2
CPU_ALL,T0060,0.6,0.8,0.4,98.2,0.0,,2
CPU_ALL,T0061,0.4,1.0,0.0,98.6,0.0,,2
CPU_ALL,T0062,0.8,0.8,0.6,97.8,0.0,,2
CPU_ALL,T0063,0.2,0.7,0.1,99.0,0.0,,2
CPU_ALL,T0064,0.7,1.7,0.5,97.1,0.0,,2
CPU_ALL,T0065,0.3,0.3,0.0,99.4,0.0,,2
CPU_ALL,T0066,0.9,1.6,0.6,96.9,0.0,,2
CPU_ALL,T0067,0.4,0.5,0.1,99.0,0.0,,2
CPU_ALL,T0068,3.0,1.5,0.3,95.2,0.0,,2
CPU_ALL,T0069,0.6,0.7,0.1,98.6,0.0,,2
CPU_ALL,T0070,0.8,0.8,0.4,98.0,0.0,,2
CPU_ALL,T0071,0.4,1.1,0.1,98.4,0.0,,2
CPU_ALL,T0072,0.8,0.7,0.4,98.1,0.0,,2
CPU_ALL,T0073,0.3,0.4,0.1,99.2,0.0,,2
CPU_ALL,T0074,0.9,1.4,0.4,97.3,0.0,,2
CPU_ALL,T0075,0.2,0.5,0.1,99.2,0.0,,2
CPU_ALL,T0076,0.6,0.8,0.5,98.1,0.0,,2
CPU_ALL,T0077,0.3,0.4,0.1,99.2,0.0,,2
CPU_ALL,T0078,1.0,1.8,0.5,96.7,0.0,,2
CPU_ALL,T0079,0.4,0.4,0.1,99.1,0.0,,2
CPU_ALL,T0080,2.9,1.4,0.5,95.2,0.0,,2
CPU_ALL,T0081,0.5,0.6,0.0,98.9,0.0,,2
CPU_ALL,T0082,0.8,0.8,0.4,98.0,0.0,,2
CPU_ALL,T0083,0.3,0.6,0.1,99.0,0.0,,2
CPU_ALL,T0084,0.9,0.9,0.5,97.7,0.0,,2
CPU_ALL,T0085,0.2,0.3,0.1,99.4,0.0,,2
CPU_ALL,T0086,0.8,0.9,0.4,97.9,0.0,,2
CPU_ALL,T0087,0.4,0.4,0.1,99.1,0.0,,2
CPU_ALL,T0088,0.7,1.1,0.4,97.8,0.0,,2
CPU_ALL,T0089,0.4,0.4,0.0,99.2,0.0,,2
CPU_ALL,T0090,1.3,1.5,0.6,96.6,0.0,,2
CPU_ALL,T0091,0.3,0.4,0.0,99.3,0.0,,2
CPU_ALL,T0092,3.1,0.9,0.3,95.7,0.0,,2
CPU_ALL,T0093,0.5,0.6,0.2,98.7,0.0,,2
CPU_ALL,T0094,0.6,0.9,0.4,98.1,0.0,,2
CPU_ALL,T0095,2.1,0.7,0.1,97.1,0.0,,2
CPU_ALL,T0096,0.7,0.9,0.4,98.0,0.0,,2
CPU_ALL,T0097,0.3,0.3,0.3,99.1,0.0,,2
CPU_ALL,T0098,0.7,0.8,0.4,98.1,0.0,,2
CPU_ALL,T0099,0.3,0.4,0.1,99.2,0.0,,2
CPU_ALL,T0100,1.5,0.9,0.4,97.2,0.0,,2
CPU_ALL,T0101,0.4,0.3,0.3,99.0,0.0,,2
CPU_ALL,T0102,0.9,1.0,0.4,97.7,0.0,,2
CPU_ALL,T0103,0.3,0.4,0.0,99.3,0.0,,2
CPU_ALL,T0104,3.0,1.2,0.6,95.2,0.0,,2
CPU_ALL,T0105,0.5,0.4,0.1,99.0,0.0,,2
CPU_ALL,T0106,0.7,0.7,0.5,98.1,0.0,,2
CPU_ALL,T0107,0.4,0.6,0.0,99.0,0.0,,2
CPU_ALL,T0108,0.7,0.7,0.6,98.0,0.0,,2
CPU_ALL,T0109,0.3,0.4,0.1,99.2,0.0,,2
CPU_ALL,T0110,0.6,0.9,0.5,98.0,0.0,,2
CPU_ALL,T0111,0.3,0.3,0.0,99.4,0.0,,2
CPU_ALL,T0112,0.7,1.0,0.4,97.9,0.0,,2
CPU_ALL,T0113,0.3,0.3,0.0,99.4,0.0,,2
CPU_ALL,T0114,1.0,1.2,0.5,97.3,0.0,,2
CPU_ALL,T0115,0.3,0.3,0.2,99.2,0.0,,2
CPU_ALL,T0116,3.1,1.1,0.4,95.4,0.0,,2
CPU_ALL,T0117,0.4,0.9,0.1,98.6,0.0,,2
CPU_ALL,T0118,0.6,1.2,0.4,97.8,0.0,,2
CPU_ALL,T0119,0.3,0.5,0.2,99.0,0.0,,2
CPU_ALL,T0120,0.7,0.7,0.4,98.2,0.0,,2
CPU_ALL,T0121,0.7,0.4,0.2,98.7,0.0,,2
CPU_ALL,T0122,0.7,0.6,0.4,98.3,0.0,,2
CPU_ALL,T0123,0.4,0.4,0.2,99.0,0.0,,2
CPU_ALL,T0124,0.8,0.6,0.4,98.2,0.0,,2
CPU_ALL,T0125,0.3,0.3,0.1,99.3,0.0,,2
CPU_ALL,T0126,0.9,1.2,0.5,97.4,0.0,,2
CPU_ALL,T0127,0.3,0.4,0.0,99.3,0.0,,2
CPU_ALL,T0128,3.1,1.1,0.7,95.1,0.0,,2
CPU_ALL,T0129,0.5,0.6,0.0,98.9,0.0,,2
CPU_ALL,T0130,0.6,0.9,0.5,98.0,0.0,,2
CPU_ALL,T0131,2.1,0.8,0.1,97.0,0.0,,2
CPU_ALL,T0132,0.9,0.6,0.6,97.9,0.0,,2
CPU_ALL,T0133,0.4,0.2,0.0,99.4,0.0,,2
CPU_ALL,T0134,0.8,1.1,0.5,97.6,0.0,,2
CPU_ALL,T0135,0.4,0.3,0.0,99.3,0.0,,2
CPU_ALL,T0136,0.7,1.1,0.4,97.8,0.0,,2
CPU_ALL,T0137,0.3,0.2,0.2,99.3,0.0,,2
CPU_ALL,T0138,1.0,1.2,0.4,97.4,0.0,,2
CPU_ALL,T0139,2.3,0.7,0.1,96.9,0.0,,2
CPU_ALL,T0140,3.0,1.1,0.4,95.5,0.0,,2
CPU_ALL,T0141,0.6,0.5,0.3,98.6,0.0,,2
CPU_ALL,T0142,0.7,1.0,0.3,98.0,0.0,,2
CPU_ALL,T0143,0.4,0.8,0.1,98.7,0.0,,2
CPU_ALL,T0144,0.8,0.8,0.6,97.8,0.0,,2
CPU_ALL,T0145,0.3,0.3,0.2,99.2,0.0,,2
CPU_ALL,T0146,0.7,1.0,0.4,97.9,0.0,,2
CPU_ALL,T0147,0.2,0.8,0.1,98.9,0.0,,2
CPU_ALL,T0148,0.7,0.9,0.6,97.8,0.0,,2
CPU_ALL,T0149,0.4,0.3,0.0,99.3,0.0,,2
CPU_ALL,T0150,2.1,2.3,0.6,94.9,0.0,,2
CPU_ALL,T0151,0.2,0.5,0.1,99.2,0.0,,2
CPU_ALL,T0152,2.9,1.1,0.7,95.3,0.0,,2
CPU_ALL,T0153,0.6,0.5,0.0,98.9,0.0,,2
CPU_ALL,T0154,0.7,0.8,0.5,98.0,0.0,,2
CPU_ALL,T0155,0.5,0.5,0.0,99.0,0.0,,2
CPU_ALL,T0156,0.8,0.8,0.6,97.8,0.0,,2
CPU_ALL,T0157,0.3,0.3,0.1,99.3,0.0,,2
CPU_ALL,T0158,0.6,0.9,0.5,98.0,0.0,,2
CPU_ALL,T0159,0.3,0.4,0.1,99.2,0.0,,2
CPU_ALL,T0160,0.8,0.7,0.4,98.1,0.0,,2
CPU_ALL,T0161,0.3,0.2,0.2,99.3,0.0,,2
CPU_ALL,T0162,1.2,1.4,0.4,97.0,0.0,,2
CPU_ALL,T0163,0.4,0.3,0.1,99.2,0.0,,2
CPU_ALL,T0164,3.9,1.9,0.5,93.6,0.0,,2
CPU_ALL,T0165,0.5,0.7,0.2,98.6,0.0,,2
CPU_ALL,T0166,1.8,0.8,0.4,97.0,0.0,,2
CPU_ALL,T0167,1.2,0.6,0.0,98.2,0.0,,2
CPU_ALL,T0168,0.8,0.7,0.6,97.9,0.0,,2
CPU_ALL,T0169,0.4,0.3,0.1,99.2,0.0,,2
CPU_ALL,T0170,0.7,0.6,0.5,98.2,0.0,,2
CPU_ALL,T0171,0.4,0.3,0.0,99.3,0.0,,2
CPU_ALL,T0172,0.8,0.8,0.5,97.9,0.0,,2
CPU_ALL,T0173,0.3,0.4,0.0,99.3,0.0,,2
CPU_ALL,T0174,0.8,1.2,0.6,97.4,0.0,,2
CPU_ALL,T0175,0.4,0.4,0.1,99.1,0.0,,2
CPU_ALL,T0176,3.1,1.8,0.5,94.6,0.0,,2
CPU_ALL,T0177,0.6,0.5,0.0,98.9,0.0,,2
CPU_ALL,T0178,0.7,0.7,0.5,98.1,0.0,,2
CPU_ALL,T0179,0.5,0.7,0.1,98.7,0.0,,2
CPU_ALL,T0180,0.7,1.0,0.4,97.9,0.0,,2
CPU_ALL,T0181,0.4,0.5,0.1,99.0,0.0,,2
CPU_ALL,T0182,0.7,0.8,0.5,98.0,0.0,,2
CPU_ALL,T0183,0.5,0.4,0.2,98.9,0.0,,2
CPU_ALL,T0184,0.7,0.6,0.3,98.4,0.0,,2
CPU_ALL,T0185,0.4,0.4,0.1,99.1,0.0,,2
CPU_ALL,T0186,2.3,2.2,0.5,95.0,0.0,,2
CPU_ALL,T0187,0.3,0.4,0.3,99.0,0.0,,2
CPU_ALL,T0188,3.3,1.7,0.3,94.7,0.0,,2
CPU_ALL,T0189,0.6,0.6,0.1,98.7,0.0,,2
CPU_ALL,T0190,3.0,1.7,0.6,94.7,0.0,,2
CPU_ALL,T0191,0.6,0.6,0.0,98.8,0.0,,2
CPU_ALL,T0192,0.6,0.9,0.6,97.9,0.0,,2
CPU_ALL,T0193,0.3,0.9,0.1,98.7,0.0,,2
CPU_ALL,T0194,0.8,1.3,0.4,97.5,0.0,,2
CPU_ALL,T0195,0.4,0.5,0.1,99.0,0.0,,2
CPU_ALL,T0196,0.6,0.7,0.6,98.1,0.0,,2
CPU_ALL,T0197,0.4,0.3,0.0,99.3,0.0,,2
CPU_ALL,T0198,0.9,0.9,0.5,97.7,0.0,,2
CPU_ALL,T0199,0.3,0.4,0.1,99.2,0.0,,2
CPU_ALL,T0200,3.2,1.0,0.5,95.3,0.0,,2
CPU_ALL,T0201,0.5,0.5,0.2,98.8,0.0,,2
CPU_ALL,T0202,0.7,0.8,0.3,98.2,0.0,,2
CPU_ALL,T0203,2.3,0.8,0.1,96.8,0.0,,2
CPU_ALL,T0204,0.8,0.8,0.5,97.9,0.0,,2
CPU_ALL,T0205,0.4,0.3,0.3,99.0,0.0,,2
CPU_ALL,T0206,0.7,0.8,0.3,98.2,0.0,,2
CPU_ALL,T0207,0.3,0.3,0.2,99.2,0.0,,2
CPU_ALL,T0208,0.8,0.6,0.3,98.3,0.0,,2
CPU_ALL,T0209,0.3,0.5,0.1,99.1,0.0,,2
CPU_ALL,T0210,1.4,1.4,0.6,96.6,0.0,,2
CPU_ALL,T0211,0.3,0.3,0.0,99.4,0.0,,2
CPU_ALL,T0212,3.3,1.6,0.7,94.4,0.0,,2
CPU_ALL,T0213,0.6,0.6,0.1,98.7,0.0,,2
CPU_ALL,T0214,0.7,0.9,0.5,97.9,0.0,,2
CPU_ALL,T0215,0.4,0.6,0.0,99.0,0.0,,2
CPU_ALL,T0216,0.7,1.5,0.5,97.3,0.0,,2
CPU_ALL,T0217,0.4,0.3,0.0,99.3,0.0,,2
CPU_ALL,T0218,0.7,0.6,0.5,98.2,0.0,,2
CPU_ALL,T0219,0.4,0.4,0.1,99.1,0.0,,2
CPU_ALL,T0220,1.5,1.4,0.4,96.7,0.0,,2
CPU_ALL,T0221,0.3,0.3,0.0,99.4,0.0,,2
CPU_ALL,T0222,0.9,1.1,0.6,97.4,0.0,,2
CPU_ALL,T0223,0.3,0.3,0.2,99.2,0.0,,2
CPU_ALL,T0224,3.1,2.3,0.6,93.9,0.0,,2
CPU_ALL,T0225,0.6,0.5,0.2,98.7,0.0,,2
CPU_ALL,T0226,0.7,0.8,0.4,98.1,0.0,,2
CPU_ALL,T0227,0.4,0.7,0.2,98.7,0.0,,2
CPU_ALL,T0228,0.7,0.9,0.4,98.0,0.0,,2
CPU_ALL,T0229,0.4,0.3,0.1,99.2,0.0,,2
CPU_ALL,T0230,0.7,0.9,0.5,97.9,0.0,,2
CPU_ALL,T0231,0.4,0.3,0.0,99.3,0.0,,2
CPU_ALL,T0232,0.5,0.9,0.6,98.0,0.0,,2
CPU_ALL,T0233,0.4,0.3,0.0,99.3,0.0,,2
CPU_ALL,T0234,0.8,1.2,0.5,97.5,0.0,,2
CPU_ALL,T0235,0.4,0.5,0.0,99.1,0.0,,2
CPU_ALL,T0236,3.3,1.3,0.6,94.8,0.0,,2
CPU_ALL,T0237,0.6,0.7,0.1,98.6,0.0,,2
CPU_ALL,T0238,0.7,0.7,0.6,98.0,0.0,,2
CPU_ALL,T0239,2.1,1.0,0.0,96.9,0.0,,2
CPU_ALL,T0240,0.6,1.1,0.5,97.8,0.0,,2
CPU_ALL,T0241,0.3,0.2,0.0,99.5,0.0,,2
CPU_ALL,T0242,0.7,0.9,0.4,98.0,0.0,,2
CPU_ALL,T0243,0.3,0.4,0.1,99.2,0.0,,2
CPU_ALL,T0244,0.7,1.2,0.4,97.7,0.0,,2
CPU_ALL,T0245,0.3,0.5,0.1,99.1,0.0,,2
CPU_ALL,T0246,1.0,1.1,0.6,97.3,0.0,,2
CPU_ALL,T0247,0.3,0.3,0.1,99.3,0.0,,2
CPU_ALL,T0248,3.0,0.9,0.4,95.7,0.0,,2
CPU_ALL,T0249,0.5,0.6,0.1,98.8,0.0,,2
CPU_ALL,T0250,0.7,1.0,0.4,97.9,0.0,,2
CPU_ALL,T0251,0.3,0.7,0.1,98.9,0.0,,2
CPU_ALL,T0252,0.7,0.6,0.4,98.3,0.0,,2
CPU_ALL,T0253,0.2,0.4,0.0,99.4,0.0,,2
CPU_ALL,T0254,0.6,2.6,0.5,96.2,0.0,,2
CPU_ALL,T0255,0.4,0.2,0.1,99.3,0.0,,2
CPU_ALL,T0256,0.8,0.9,0.5,97.8,0.0,,2
CPU_ALL,T0257,0.3,0.6,0.1,99.0,0.0,,2
CPU_ALL,T0258,0.9,1.2,0.6,97.3,0.0,,2
CPU_ALL,T0259,0.2,0.3,0.1,99.4,0.0,,2
CPU_ALL,T0260,3.1,1.1,0.5,95.3,0.0,,2
CPU_ALL,T0261,0.4,0.6,0.1,98.9,0.0,,2
CPU_ALL,T0262,0.7,0.6,0.4,98.3,0.0,,2
CPU_ALL,T0263,0.3,0.7,0.1,98.9,0.0,,2
CPU_ALL,T0264,0.7,0.8,0.4,98.1,0.0,,2
CPU_ALL,T0265,0.2,0.3,0.0,99.5,0.0,,2
CPU_ALL,T0266,0.7,1.1,0.4,97.8,0.0,,2
CPU_ALL,T0267,0.3,0.3,0.1,99.3,0.0,,2
CPU_ALL,T0268,0.6,0.8,0.4,98.2,0.0,,2
CPU_ALL,T0269,0.4,0.3,0.1,99.2,0.0,,2
CPU_ALL,T0270,1.4,1.4,0.4,96.8,0.0,,2
CPU_ALL,T0271,0.4,0.6,0.1,98.9,0.0,,2
CPU_ALL,T0272,3.8,3.5,0.4,92.3,0.0,,2
CPU_ALL,T0273,0.5,0.4,0.1,99.0,0.0,,2
CPU_ALL,T0274,0.8,0.9,0.4,97.9,0.0,,2
CPU_ALL,T0275,2.3,1.0,0.1,96.6,0.0,,2
CPU_ALL,T0276,0.8,1.1,0.4,97.7,0.0,,2
CPU_ALL,T0277,0.2,0.4,0.1,99.3,0.0,,2
CPU_ALL,T0278,0.8,0.7,0.5,98.0,0.0,,2
CPU_ALL,T0279,0.3,0.4,0.0,99.3,0.0,,2
CPU_ALL,T0280,0.7,0.8,0.5,98.0,0.0,,2
CPU_ALL,T0281,0.4,0.2,0.0,99.4,0.0,,2
CPU_ALL,T0282,0.8,1.4,0.5,97.3,0.0,,2
CPU_ALL,T0283,0.2,0.4,0.0,99.4,0.0,,2
CPU_ALL,T0284,3.1,1.2,0.5,95.2,0.0,,2
CPU_ALL,T0285,0.5,0.6,0.1,98.8,0.0,,2
CPU_ALL,T0286,0.7,0.8,0.7,97.8,0.0,,2
CPU_ALL,T0287,0.4,0.8,0.0,98.8,0.0,,2
CPU_ALL,T0288,0.8,0.8,0.4,98.0,0.0,,2
CPU_ALL,T0289,0.2,0.7,0.2,98.9,0.0,,2
CPU_ALL,T0290,0.6,0.8,0.4,98.2,0.0,,2
CPU_ALL,T0291,0.4,0.3,0.2,99.1,0.0,,2
CPU_ALL,T0292,0.7,0.9,0.4,98.0,0.0,,2
CPU_ALL,T0293,0.3,0.4,0.2,99.1,0.0,,2
CPU_ALL,T0294,0.8,1.0,0.5,97.7,0.0,,2
CPU_ALL,T0295,0.4,0.6,0.1,98.9,0.0,,2
CPU_ALL,T0296,3.0,1.3,0.4,95.3,0.0,,2
CPU_ALL,T0297,0.5,0.5,0.2,98.8,0.0,,2
CPU_ALL,T0298,0.6,0.9,0.4,98.1,0.0,,2
CPU_ALL,T0299,0.4,0.5,0.0,99.1,0.0,,2
CPU_ALL,T0300,0.8,1.8,0.7,96.7,0.0,,2
CPU_ALL,T0301,0.3,0.3,0.0,99.4,0.0,,2
CPU_ALL,T0302,0.7,1.4,0.6,97.3,0.0,,2
CPU_ALL,T0303,0.5,0.3,0.0,99.2,0.0,,2
CPU_ALL,T0304,0.6,1.0,0.6,97.8,0.0,,2
CPU_ALL,T0305,0.4,0.3,0.0,99.3,0.0,,2
CPU_ALL,T0306,0.9,1.1,0.7,97.3,0.0,,2
CPU_ALL,T0307,0.2,0.4,0.0,99.4,0.0,,2
CPU_ALL,T0308,3.5,1.6,0.5,94.4,0.0,,2
CPU_ALL,T0309,0.5,0.5,0.0,99.0,0.0,,2
CPU_ALL,T0310,0.8,0.8,0.5,97.9,0.0,,2
CPU_ALL,T0311,2.2,1.0,0.2,96.6,0.0,,2
CPU_ALL,T0312,0.7,0.7,0.5,98.1,0.0,,2
CPU_ALL,T0313,0.3,0.4,0.1,99.2,0.0,,2
CPU_ALL,T0314,0.7,1.9,0.5,96.9,0.0,,2
CPU_ALL,T0315,0.4,0.4,0.1,99.1,0.0,,2
CPU_ALL,T0316,0.8,0.5,0.5,98.2,0.0,,2
CPU_ALL,T0317,0.3,0.4,0.2,99.1,0.0,,2
CPU_ALL,T0318,0.8,1.0,0.4,97.8,0.0,,2
CPU_ALL,T0319,0.4,0.2,0.2,99.2,0.0,,2
CPU_ALL,T0320,3.0,1.5,0.4,95.1,0.0,,2
CPU_ALL,T0321,0.5,0.4,0.0,99.1,0.0,,2
CPU_ALL,T0322,0.8,0.6,0.5,98.1,0.0,,2
CPU_ALL,T0323,0.4,0.6,0.1,98.9,0.0,,2
CPU_ALL,T0324,0.9,1.1,0.6,97.4,0.0,,2
CPU_ALL,T0325,0.3,0.3,0.0,99.4,0.0,,2
CPU_ALL,T0326,0.7,0.8,0.7,97.8,0.0,,2
CPU_ALL,T0327,0.3,0.4,0.0,99.3,0.0,,2
CPU_ALL,T0328,0.7,0.7,0.7,97.9,0.0,,2
CPU_ALL,T0329,0.2,0.4,0.0,99.4,0.0,,2
CPU_ALL,T0330,2.0,1.8,0.6,95.5,0.0,,2
CPU_ALL,T0331,0.2,0.4,0.0,99.4,0.0,,2
CPU_ALL,T0332,3.1,1.1,0.4,95.4,0.0,,2
CPU_ALL,T0333,0.7,0.5,0.1,98.7,0.0,,2
CPU_ALL,T0334,0.7,0.8,0.4,98.1,0.0,,2
CPU_ALL,T0335,0.3,0.5,0.2,99.0,0.0,,2
CPU_ALL,T0336,0.8,0.7,0.4,98.1,0.0,,2
CPU_ALL,T0337,0.3,0.4,0.2,99.1,0.0,,2
CPU_ALL,T0338,0.7,0.9,0.4,98.0,0.0,,2
CPU_ALL,T0339,0.3,0.4,0.2,99.1,0.0,,2
CPU_ALL,T0340,1.5,1.0,0.6,96.9,0.0,,2
CPU_ALL,T0341,0.4,0.3,0.3,99.0,0.0,,2
CPU_ALL,T0342,1.1,1.3,0.4,97.2,0.0,,2
CPU_ALL,T0343,0.4,0.3,0.1,99.2,0.0,,2
CPU_ALL,T0344,3.0,1.1,0.3,95.6,0.0,,2
CPU_ALL,T0345,0.5,0.6,0.1,98.8,0.0,,2
CPU_ALL,T0346,0.7,0.7,0.4,98.2,0.0,,2
CPU_ALL,T0347,2.1,1.0,0.1,96.8,0.0,,2
CPU_ALL,T0348,0.7,0.7,0.6,98.0,0.0,,2
CPU_ALL,T0349,0.3,0.3,0.0,99.4,0.0,,2
CPU_ALL,T0350,0.6,0.8,0.5,98.1,0.0,,2
CPU_ALL,T0351,0.5,0.4,0.0,99.1,0.0,,2
CPU_ALL,T0352,0.6,0.8,0.7,97.9,0.0,,2
CPU_ALL,T0353,0.3,0.3,0.0,99.4,0.0,,2
CPU_ALL,T0354,1.0,0.9,0.4,97.7,0.0,,2
CPU_ALL,T0355,0.3,0.3,0.2,99.2,0.0,,2
CPU_ALL,T0356,3.0,1.3,0.4,95.3,0.0,,2
CPU_ALL,T0357,0.5,0.9,0.1,98.5,0.0,,2
CPU_ALL,T0358,0.7,0.8,0.4,98.1,0.0,,2
CPU_ALL,T0359,0.4,0.5,0.2,98.9,0.0,,2
CPU_ALL,T0360,0.7,0.9,0.4,98.0,0.0,,2
CPU_ALL,T0361,0.5,0.3,0.1,99.1,0.0,,2
CPU_ALL,T0362,0.5,0.9,0.4,98.2,0.0,,2
CPU_ALL,T0363,0.4,0.3,0.2,99.1,0.0,,2
CPU_ALL,T0364,0.7,0.7,0.4,98.2,0.0,,2
CPU_ALL,T0365,0.3,0.4,0.0,99.3,0.0,,2
CPU_ALL,T0366,0.9,0.9,0.6,97.6,0.0,,2
CPU_ALL,T0367,0.3,0.5,0.1,99.1,0.0,,2
CPU_ALL,T0368,2.9,1.2,0.5,95.4,0.0,,2
CPU_ALL,T0369,0.7,0.6,0.0,98.7,0.0,,2
CPU_ALL,T0370,0.9,1.1,0.6,97.4,0.0,,2
CPU_ALL,T0371,0.3,0.5,0.1,99.1,0.0,,2
CPU_ALL,T0372,0.7,0.8,0.7,97.8,0.0,,2
CPU_ALL,T0373,0.4,0.5,0.0,99.1,0.0,,2
CPU_ALL,T0374,0.7,1.6,0.5,97.2,0.0,,2
CPU_ALL,T0375,0.3,0.4,0.1,99.2,0.0,,2
CPU_ALL,T0376,0.7,1.4,0.5,97.4,0.0,,2
CPU_ALL,T0377,0.3,0.6,0.1,99.0,0.0,,2
CPU_ALL,T0378,0.9,1.3,0.5,97.3,0.0,,2
CPU_ALL,T0379,0.3,0.3,0.2,99.2,0.0,,2
CPU_ALL,T0380,3.7,2.5,0.4,93.4,0.0,,2
CPU_ALL,T0381,0.7,0.7,0.2,98.4,0.0,,2
CPU_ALL,T0382,0.7,0.9,0.4,98.0,0.0,,2
CPU_ALL,T0383,2.2,0.7,0.2,96.9,0.0,,2
CPU_ALL,T0384,0.8,0.7,0.4,98.1,0.0,,2
CPU_ALL,T0385,0.3,0.4,0.1,99.2,0.0,,2
CPU_ALL,T0386,0.7,0.8,0.6,97.9,0.0,,2
CPU_ALL,T0387,0.4,0.5,0.1,99.0,0.0,,2
CPU_ALL,T0388,0.6,0.8,0.6,98.0,0.0,,2
CPU_ALL,T0389,0.3,0.5,0.0,99.2,0.0,,2
CPU_ALL,T0390,1.3,1.7,0.7,96.3,0.0,,2
CPU_ALL,T0391,0.3,0.6,0.1,99.0,0.0,,2
CPU_ALL,T0392,3.6,1.1,0.4,94.9,0.0,,2
CPU_ALL,T0393,0.5,0.6,0.1,98.8,0.0,,2
CPU_ALL,T0394,0.8,1.0,0.6,97.6,0.0,,2
CPU_ALL,T0395,0.5,0.4,0.0,99.1,0.0,,2
CPU_ALL,T0396,0.7,0.7,0.7,97.9,0.0,,2
CPU_ALL,T0397,0.3,0.3,0.1,99.3,0.0,,2
CPU_ALL,T0398,0.7,0.7,0.5,98.1,0.0,,2
CPU_ALL,T0399,0.3,0.6,0.1,99.0,0.0,,2
CPU_ALL,T0400,0.6,1.1,0.5,97.8,0.0,,2
CPU_ALL,T0401,0.4,0.4,0.1,99.1,0.0,,2
CPU_ALL,T0402,1.0,1.1,0.4,97.5,0.0,,2
CPU_ALL,T0403,0.3,0.2,0.1,99.4,0.0,,2
CPU_ALL,T0404,3.6,1.2,0.4,94.8,0.0,,2
CPU_ALL,T0405,0.6,0.8,0.2,98.4,0.0,,2
CPU_ALL,T0406,0.7,0.7,0.3,98.3,0.0,,2
CPU_ALL,T0407,0.4,0.6,0.1,98.9,0.0,,2
CPU_ALL,T0408,0.7,0.9,0.5,97.9,0.0,,2
CPU_ALL,T0409,0.2,0.2,0.0,99.6,0.0,,2
CPU_ALL,T0410,0.7,0.8,0.5,98.0,0.0,,2
CPU_ALL,T0411,0.3,0.4,0.0,99.3,0.0,,2
CPU_ALL,T0412,0.7,1.0,0.5,97.8,0.0,,2
CPU_ALL,T0413,0.2,0.4,0.0,99.4,0.0,,2
CPU_ALL,T0414,1.0,1.1,0.6,97.3,0.0,,2
CPU_ALL,T0415,0.3,0.7,0.0,99.0,0.0,,2
CPU_ALL,T0416,3.9,1.0,0.5,94.6,0.0,,2
CPU_ALL,T0417,0.5,0.6,0.1,98.8,0.0,,2
CPU_ALL,T0418,0.7,0.7,0.5,98.1,0.0,,2
CPU_ALL,T0419,2.1,0.9,0.1,96.9,0.0,,2
CPU_ALL,T0420,0.8,0.8,0.5,97.9,0.0,,2
CPU_ALL,T0421,0.1,0.4,0.1,99.4,0.0,,2
CPU_ALL,T0422,0.6,0.9,0.8,97.7,0.0,,2
CPU_ALL,T0423,0.3,0.5,0.1,99.1,0.0,,2
CPU_ALL,T0424,0.8,0.7,0.5,98.0,0.0,,2
CPU_ALL,T0425,0.3,0.2,0.1,99.4,0.0,,2
CPU_ALL,T0426,0.9,1.1,0.5,97.5,0.0,,2
CPU_ALL,T0427,0.4,0.4,0.1,99.1,0.0,,2
CPU_ALL,T0428,2.8,1.0,0.5,95.7,0.0,,2
CPU_ALL,T0429,0.5,0.6,0.1,98.8,0.0,,2
CPU_ALL,T0430,0.7,0.9,0.4,98.0,0.0,,2
CPU_ALL,T0431,0.4,0.6,0.0,99.0,0.0,,2
CPU_ALL,T0432,0.7,0.8,0.6,97.9,0.0,,2
CPU_ALL,T0433,0.3,0.4,0.0,99.3,0.0,,2
CPU_ALL,T0434,0.7,1.4,0.6,97.3,0.0,,2
CPU_ALL,T0435,0.4,0.5,0.1,99.0,0.0,,2
CPU_ALL,T0436,0.6,0.9,0.5,98.0,0.0,,2
CPU_ALL,T0437,0.2,0.2,0.0,99.6,0.0,,2
CPU_ALL,T0438,1.0,1.1,0.7,97.2,0.0,,2
CPU_ALL,T0439,0.4,0.6,0.0,99.0,0.0,,2
CPU_ALL,T0440,3.1,1.0,0.5,95.4,0.0,,2
CPU_ALL,T0441,0.5,0.5,0.0,99.0,0.0,,2
CPU_ALL,T0442,0.8,0.6,0.4,98.2,0.0,,2
CPU_ALL,T0443,0.5,0.5,0.3,98.7,0.0,,2
CPU_ALL,T0444,0.7,0.8,0.5,98.0,0.0,,2
CPU_ALL,T0445,0.2,0.4,0.1,99.3,0.0,,2
CPU_ALL,T0446,0.7,0.8,0.5,98.0,0.0,,2
CPU_ALL,T0447,0.2,0.4,0.2,99.2,0.0,,2
CPU_ALL,T0448,0.8,1.1,0.3,97.8,0.0,,2
CPU_ALL,T0449,0.3,0.3,0.2,99.2,0.0,,2
CPU_ALL,T0450,1.4,1.3,0.4,96.9,0.0,,2
CPU_ALL,T0451,0.2,0.6,0.2,99.0,0.0,,2
CPU_ALL,T0452,3.2,1.9,0.4,94.4,0.0,,2
CPU_ALL,T0453,0.9,0.7,0.0,98.4,0.0,,2
CPU_ALL,T0454,0.7,1.3,0.5,97.5,0.0,,2
CPU_ALL,T0455,2.2,1.1,0.0,96.7,0.0,,2
CPU_ALL,T0456,0.8,0.7,0.5,98.0,0.0,,2
CPU_ALL,T0457,0.2,0.4,0.1,99.3,0.0,,2
CPU_ALL,T0458,0.8,0.7,0.5,98.0,0.0,,2
CPU_ALL,T0459,0.4,0.5,0.0,99.1,0.0,,2
CPU_ALL,T0460,1.4,1.0,0.6,97.0,0.0,,2
CPU_ALL,T0461,0.3,0.4,0.0,99.3,0.0,,2
CPU_ALL,T0462,0.9,1.5,0.5,97.1,0.0,,2
CPU_ALL,T0463,0.4,0.4,0.0,99.2,0.0,,2
CPU_ALL,T0464,2.9,1.2,0.4,95.5,0.0,,2
CPU_ALL,T0465,0.5,0.5,0.2,98.8,0.0,,2
CPU_ALL,T0466,0.7,0.9,0.4,98.0,0.0,,2
CPU_ALL,T0467,0.4,0.6,0.1,98.9,0.0,,2
CPU_ALL,T0468,0.7,0.9,0.5,97.9,0.0,,2
CPU_ALL,T0469,0.3,0.3,0.2,99.2,0.0,,2
CPU_ALL,T0470,0.7,0.7,0.4,98.2,0.0,,2
CPU_ALL,T0471,0.3,0.4,0.2,99.1,0.0,,2
CPU_ALL,T0472,0.7,0.7,0.4,98.2,0.0,,2
CPU_ALL,T0473,0.3,0.4,0.2,99.1,0.0,,2
CPU_ALL,T0474,1.0,1.5,0.4,97.1,0.0,,2
CPU_ALL,T0475,0.3,0.4,0.1,99.2,0.0,,2
CPU_ALL,T0476,3.0,1.0,0.5,95.5,0.0,,2
CPU_ALL,T0477,0.5,1.1,0.0,98.4,0.0,,2
CPU_ALL,T0478,0.8,0.7,0.6,97.9,0.0,,2
CPU_ALL,T0479,0.4,0.5,0.1,99.0,0.0,,2
CPU_ALL,T0480,0.8,0.9,0.4,97.9,0.0,,2
CPU_ALL,T0481,0.3,0.3,0.1,99.3,0.0,,2
CPU_ALL,T0482,0.7,0.8,0.9,97.6,0.0,,2
CPU_ALL,T0483,0.3,0.4,0.1,99.2,0.0,,2
CPU_ALL,T0484,0.8,0.7,0.5,98.0,0.0,,2
CPU_ALL,T0485,0.3,0.3,0.0,99.4,0.0,,2
CPU_ALL,T0486,0.9,1.4,0.5,97.2,0.0,,2
CPU_ALL,T0487,0.4,0.7,0.1,98.8,0.0,,2
CPU_ALL,T0488,3.1,1.3,0.5,95.1,0.0,,2
CPU_ALL,T0489,0.6,0.8,0.2,98.4,0.0,,2
CPU_ALL,T0490,0.7,0.6,0.4,98.3,0.0,,2
CPU_ALL,T0491,2.1,0.9,0.2,96.8,0.0,,2
CPU_ALL,T0492,0.8,0.9,0.4,97.9,0.0,,2
CPU_ALL,T0493,0.3,0.4,0.1,99.2,0.0,,2
CPU_ALL,T0494,0.8,1.3,0.5,97.4,0.0,,2
CPU_ALL,T0495,0.3,0.3,0.1,99.3,0.0,,2
CPU_ALL,T0496,0.7,0.9,0.5,97.9,0.0,,2
CPU_ALL,T0497,0.3,0.3,0.0,99.4,0.0,,2
CPU_ALL,T0498,1.1,1.2,0.5,97.2,0.0,,2
CPU_ALL,T0499,0.2,0.4,0.1,99.3,0.0,,2
CPU_ALL,T0500,3.0,1.3,0.5,95.2,0.0,,2
CPU_ALL,T0501,0.5,0.4,0.1,99.0,0.0,,2
CPU_ALL,T0502,0.8,1.0,0.5,97.7,0.0,,2
CPU_ALL,T0503,0.4,0.6,0.0,99.0,0.0,,2
CPU_ALL,T0504,0.6,0.8,0.5,98.1,0.0,,2
CPU_ALL,T0505,0.3,0.3,0.1,99.3,0.0,,2
CPU_ALL,T0506,0.6,0.8,0.7,97.9,0.0,,2
CPU_ALL,T0507,0.3,0.2,0.0,99.5,0.0,,2
CPU_ALL,T0508,0.7,0.8,0.5,98.0,0.0,,2
CPU_ALL,T0509,0.3,0.4,0.1,99.2,0.0,,2
CPU_ALL,T0510,1.9,2.1,0.6,95.3,0.0,,2
CPU_ALL,T0511,0.4,0.4,0.1,99.1,0.0,,2
CPU_ALL,T0512,2.9,1.4,0.3,95.4,0.0,,2
CPU_ALL,T0513,0.5,0.8,0.2,98.5,0.0,,2
CPU_ALL,T0514,0.6,1.2,0.5,97.7,0.0,,2
CPU_ALL,T0515,0.4,0.6,0.1,98.9,0.0,,2
CPU_ALL,T0516,0.7,1.0,0.4,97.9,0.0,,2
CPU_ALL,T0517,0.3,0.3,0.1,99.3,0.0,,2
CPU_ALL,T0518,0.7,0.7,0.7,97.9,0.0,,2
CPU_ALL,T0519,0.4,0.5,0.2,98.9,0.0,,2
CPU_ALL,T0520,0.6,0.9,0.6,97.9,0.0,,2
CPU_ALL,T0521,0.3,0.5,0.1,99.1,0.0,,2
CPU_ALL,T0522,0.9,1.1,0.4,97.6,0.0,,2
CPU_ALL,T0523,0.3,0.3,0.1,99.3,0.0,,2
CPU_ALL,T0524,3.0,1.4,0.7,94.9,0.0,,2
CPU_ALL,T0525,0.4,0.7,0.0,98.9,0.0,,2
CPU_ALL,T0526,0.7,0.8,0.5,98.0,0.0,,2
CPU_ALL,T0527,2.3,1.0,0.0,96.7,0.0,,2
CPU_ALL,T0528,0.8,0.8,0.5,97.9,0.0,,2
CPU_ALL,T0529,0.3,0.4,0.0,99.3,0.0,,2
CPU_ALL,T0530,0.8,0.8,0.5,97.9,0.0,,2
CPU_ALL,T0531,0.4,0.3,0.1,99.2,0.0,,2
CPU_ALL,T0532,0.5,0.6,0.4,98.5,0.0,,2
CPU_ALL,T0533,0.4,0.5,0.2,98.9,0.0,,2
CPU_ALL,T0534,0.8,1.1,0.5,97.6,0.0,,2
CPU_ALL,T0535,0.4,0.9,0.1,98.6,0.0,,2
CPU_ALL,T0536,3.0,1.9,0.5,94.5,0.0,,2
CPU_ALL,T0537,0.7,0.9,0.1,98.3,0.0,,2
CPU_ALL,T0538,0.6,1.1,0.4,97.9,0.0,,2
CPU_ALL,T0539,0.5,0.6,0.1,98.8,0.0,,2
CPU_ALL,T0540,0.6,0.8,0.4,98.2,0.0,,2
CPU_ALL,T0541,0.5,0.3,0.2,99.0,0.0,,2
CPU_ALL,T0542,0.7,0.6,0.5,98.2,0.0,,2
CPU_ALL,T0543,0.3,0.4,0.0,99.3,0.0,,2
CPU_ALL,T0544,0.7,0.7,0.4,98.2,0.0,,2
CPU_ALL,T0545,0.4,0.4,0.0,99.2,0.0,,2
CPU_ALL,T0546,0.7,1.2,0.7,97.4,0.0,,2
CPU_ALL,T0547,0.4,0.4,0.1,99.1,0.0,,2
CPU_ALL,T0548,3.0,0.9,0.6,95.5,0.0,,2
CPU_ALL,T0549,0.5,0.6,0.0,98.9,0.0,,2
CPU_ALL,T0550,0.7,0.7,0.5,98.1,0.0,,2
CPU_ALL,T0551,0.3,0.7,0.0,99.0,0.0,,2
CPU_ALL,T0552,0.8,0.9,0.4,97.9,0.0,,2
CPU_ALL,T0553,0.4,0.7,0.1,98.8,0.0,,2
CPU_ALL,T0554,0.8,1.4,0.4,97.4,0.0,,2
CPU_ALL,T0555,0.3,0.5,0.2,99.0,0.0,,2
CPU_ALL,T0556,0.7,0.6,0.4,98.3,0.0,,2
CPU_ALL,T0557,0.3,0.3,0.1,99.3,0.0,,2
CPU_ALL,T0558,1.0,1.0,0.6,97.4,0.0,,2
CPU_ALL,T0559,0.3,0.9,0.2,98.6,0.0,,2
CPU_ALL,T0560,3.0,1.3,0.4,95.3,0.0,,2
CPU_ALL,T0561,0.6,0.5,0.3,98.6,0.0,,2
CPU_ALL,T0562,0.8,0.7,0.3,98.2,0.0,,2
CPU_ALL,T0563,2.0,0.9,0.1,97.0,0.0,,2
CPU_ALL,T0564,0.9,0.6,0.4,98.1,0.0,,2
CPU_ALL,T0565,0.3,0.4,0.1,99.2,0.0,,2
CPU_ALL,T0566,0.7,1.7,0.4,97.2,0.0,,2
CPU_ALL,T0567,0.3,0.3,0.1,99.3,0.0,,2
CPU_ALL,T0568,0.8,0.8,0.4,98.0,0.0,,2
CPU_ALL,T0569,0.3,0.3,0.1,99.3,0.0,,2
CPU_ALL,T0570,1.4,1.3,0.6,96.7,0.0,,2
CPU_ALL,T0571,0.2,0.3,0.0,99.5,0.0,,2
CPU_ALL,T0572,2.9,1.2,0.5,95.4,0.0,,2
CPU_ALL,T0573,0.5,0.5,0.1,98.9,0.0,,2
CPU_ALL,T0574,0.7,0.7,0.3,98.3,0.0,,2
CPU_ALL,T0575,0.5,0.5,0.1,98.9,0.0,,2
CPU_ALL,T0576,0.7,0.7,0.4,98.2,0.0,,2
CPU_ALL,T0577,0.4,0.3,0.1,99.2,0.0,,2
CPU_ALL,T0578,0.6,0.7,0.5,98.2,0.0,,2
CPU_ALL,T0579,0.2,0.3,0.2,99.3,0.0,,2
CPU_ALL,T0580,1.6,1.0,0.3,97.1,0.0,,2
CPU_ALL,T0581,0.3,0.4,0.2,99.1,0.0,,2
CPU_ALL,T0582,0.9,1.3,0.5,97.3,0.0,,2
CPU_ALL,T0583,0.3,0.3,0.1,99.3,0.0,,2
CPU_ALL,T0584,2.9,1.2,0.4,95.5,0.0,,2
CPU_ALL,T0585,0.6,0.6,0.1,98.7,0.0,,2
CPU_ALL,T0586,0.7,0.9,0.6,97.8,0.0,,2
CPU_ALL,T0587,0.4,0.6,0.1,98.9,0.0,,2
CPU_ALL,T0588,0.8,1.0,0.5,97.7,0.0,,2
CPU_ALL,T0589,0.4,0.3,0.1,99.2,0.0,,2
CPU_ALL,T0590,0.8,1.3,0.5,97.4,0.0,,2
CPU_ALL,T0591,0.3,0.3,0.0,99.4,0.0,,2
CPU_ALL,T0592,0.7,0.8,0.5,98.0,0.0,,2
CPU_ALL,T0593,0.3,0.3,0.0,99.4,0.0,,2
CPU_ALL,T0594,0.9,1.1,0.7,97.3,0.0,,2
CPU_ALL,T0595,0.3,0.3,0.0,99.4,0.0,,2
CPU_ALL,T0596,3.0,1.1,0.5,95.4,0.0,,2
CPU_ALL,T0597,0.6,0.5,0.2,98.7,0.0,,2
CPU_ALL,T0598,0.7,0.8,0.4,98.1,0.0,,2
CPU_ALL,T0599,2.1,0.9,0.2,96.8,0.0,,2
CPU_ALL,T0600,0.8,0.8,0.5,97.9,0.0,,2
CPU_ALL,T0601,0.2,0.4,0.1,99.3,0.0,,2
CPU_ALL,T0602,0.7,0.9,0.4,98.0,0.0,,2
CPU_ALL,T0603,0.5,0.3,0.2,99.0,0.0,,2
CPU_ALL,T0604,0.8,1.1,0.4,97.7,0.0,,2
CPU_ALL,T0605,0.3,0.2,0.2,99.3,0.0,,2
CPU_ALL,T0606,0.9,1.1,0.4,97.6,0.0,,2
CPU_ALL,T0607,0.4,0.5,0.2,98.9,0.0,,2
CPU_ALL,T0608,3.0,1.1,0.4,95.5,0.0,,2
CPU_ALL,T0609,0.5,0.6,0.0,98.9,0.0,,2
CPU_ALL,T0610,0.8,0.9,0.5,97.8,0.0,,2
CPU_ALL,T0611,0.4,0.5,0.1,99.0,0.0,,2
CPU_ALL,T0612,0.8,0.7,0.5,98.0,0.0,,2
CPU_ALL,T0613,0.3,0.5,0.0,99.2,0.0,,2
CPU_ALL,T0614,0.8,1.6,0.5,97.1,0.0,,2
CPU_ALL,T0615,0.4,0.5,0.0,99.1,0.0,,2
CPU_ALL,T0616,0.8,0.6,0.5,98.1,0.0,,2
CPU_ALL,T0617,0.3,0.3,0.0,99.4,0.0,,2
CPU_ALL,T0618,0.9,1.1,0.5,97.5,0.0,,2
CPU_ALL,T0619,0.3,0.3,0.0,99.4,0.0,,2
CPU_ALL,T0620,3.0,1.3,0.5,95.2,0.0,,2
CPU_ALL,T0621,0.4,0.6,0.1,98.9,0.0,,2
CPU_ALL,T0622,0.8,1.0,0.5,97.7,0.0,,2
CPU_ALL,T0623,0.4,0.6,0.1,98.9,0.0,,2
CPU_ALL,T0624,0.7,0.7,0.5,98.1,0.0,,2
CPU_ALL,T0625,0.3,0.4,0.1,99.2,0.0,,2
CPU_ALL,T0626,0.6,0.6,0.7,98.1,0.0,,2
CPU_ALL,T0627,0.4,0.3,0.1,99.2,0.0,,2
CPU_ALL,T0628,0.6,0.7,0.4,98.3,0.0,,2
CPU_ALL,T0629,0.4,0.3,0.1,99.2,0.0,,2
CPU_ALL,T0630,1.2,1.5,0.5,96.8,0.0,,2
CPU_ALL,T0631,0.4,0.3,0.1,99.2,0.0,,2
CPU_ALL,T0632,2.9,1.2,0.5,95.4,0.0,,2
CPU_ALL,T0633,0.5,0.6,0.1,98.8,0.0,,2
CPU_ALL,T0634,0.5,0.9,0.5,98.1,0.0,,2
CPU_ALL,T0635,2.2,0.9,0.0,96.9,0.0,,2
CPU_ALL,T0636,0.9,0.8,0.8,97.5,0.0,,2
CPU_ALL,T0637,0.2,0.4,0.1,99.3,0.0,,2
CPU_ALL,T0638,0.7,0.7,0.5,98.1,0.0,,2
CPU_ALL,T0639,0.3,0.3,0.0,99.4,0.0,,2
CPU_ALL,T0640,0.7,1.0,0.5,97.8,0.0,,2
CPU_ALL,T0641,0.4,0.2,0.0,99.4,0.0,,2
CPU_ALL,T0642,1.0,1.2,0.5,97.3,0.0,,2
CPU_ALL,T0643,0.3,0.3,0.1,99.3,0.0,,2
CPU_ALL,T0644,2.9,1.2,0.4,95.5,0.0,,2
CPU_ALL,T0645,0.6,0.6,0.1,98.7,0.0,,2
CPU_ALL,T0646,0.7,0.7,0.5,98.1,0.0,,2
CPU_ALL,T0647,0.4,0.6,0.1,98.9,0.0,,2
CPU_ALL,T0648,0.8,1.0,0.4,97.8,0.0,,2
CPU_ALL,T0649,0.3,0.4,0.1,99.2,0.0,,2
CPU_ALL,T0650,0.7,0.9,0.4,98.0,0.0,,2
CPU_ALL,T0651,0.3,0.3,0.1,99.3,0.0,,2
CPU_ALL,T0652,0.6,0.7,0.4,98.3,0.0,,2
CPU_ALL,T0653,0.4,0.3,0.0,99.3,0.0,,2
CPU_ALL,T0654,1.2,1.0,0.6,97.2,0.0,,2
CPU_ALL,T0655,0.4,0.4,0.0,99.2,0.0,,2
CPU_ALL,T0656,2.9,1.3,0.7,95.1,0.0,,2
CPU_ALL,T0657,0.7,1.0,0.0,98.3,0.0,,2
CPU_ALL,T0658,0.8,0.6,0.6,98.0,0.0,,2
CPU_ALL,T0659,0.5,0.5,0.0,99.0,0.0,,2
CPU_ALL,T0660,0.7,0.8,0.5,98.0,0.0,,2
CPU_ALL,T0661,0.3,0.3,0.0,99.4,0.0,,2
CPU_ALL,T0662,0.7,0.9,0.6,97.8,0.0,,2
CPU_ALL,T0663,0.3,0.3,0.0,99.4,0.0,,2
CPU_ALL,T0664,0.6,0.7,0.4,98.3,0.0,,2
CPU_ALL,T0665,0.3,0.4,0.2,99.1,0.0,,2
CPU_ALL,T0666,1.0,1.2,0.5,97.3,0.0,,2
CPU_ALL,T0667,0.3,0.4,0.2,99.1,0.0,,2
CPU_ALL,T0668,3.0,0.9,0.4,95.7,0.0,,2
CPU_ALL,T0669,0.5,0.6,0.2,98.7,0.0,,2
CPU_ALL,T0670,0.7,0.8,0.6,97.9,0.0,,2
CPU_ALL,T0671,2.1,1.3,0.2,96.4,0.0,,2
CPU_ALL,T0672,0.7,0.9,0.4,98.0,0.0,,2
CPU_ALL,T0673,0.4,0.2,0.2,99.2,0.0,,2
CPU_ALL,T0674,0.9,2.2,0.3,96.5,0.0,,2
CPU_ALL,T0675,0.4,0.3,0.0,99.3,0.0,,2
CPU_ALL,T0676,0.7,0.7,0.5,98.1,0.0,,2
CPU_ALL,T0677,0.3,0.3,0.0,99.4,0.0,,2
CPU_ALL,T0678,0.9,1.0,0.6,97.5,0.0,,2
CPU_ALL,T0679,0.3,0.4,0.1,99.2,0.0,,2
CPU_ALL,T0680,3.0,1.7,0.4,94.9,0.0,,2
CPU_ALL,T0681,0.6,0.7,0.1,98.6,0.0,,2
CPU_ALL,T0682,0.6,0.9,1.0,97.5,0.0,,2
CPU_ALL,T0683,0.5,0.6,0.0,98.9,0.0,,2
CPU_ALL,T0684,0.7,0.8,0.9,97.6,0.0,,2
CPU_ALL,T0685,0.2,0.3,0.0,99.5,0.0,,2
CPU_ALL,T0686,0.7,0.9,0.5,97.9,0.0,,2
CPU_ALL,T0687,0.3,0.3,0.3,99.1,0.0,,2
CPU_ALL,T0688,0.8,1.5,0.4,97.3,0.0,,2
CPU_ALL,T0689,0.3,0.4,0.1,99.2,0.0,,2
CPU_ALL,T0690,1.3,1.6,0.5,96.6,0.0,,2
CPU_ALL,T0691,0.4,0.3,0.1,99.2,0.0,,2
CPU_ALL,T0692,3.1,1.1,0.5,95.3,0.0,,2
CPU_ALL,T0693,0.6,1.0,0.1,98.3,0.0,,2
CPU_ALL,T0694,0.7,0.7,0.4,98.2,0.0,,2
CPU_ALL,T0695,0.5,0.6,0.2,98.7,0.0,,2
CPU_ALL,T0696,0.7,0.8,0.4,98.1,0.0,,2
CPU_ALL,T0697,0.4,0.4,0.0,99.2,0.0,,2
CPU_ALL,T0698,0.6,0.7,0.5,98.2,0.0,,2
CPU_ALL,T0699,0.3,0.3,0.1,99.3,0.0,,2
CPU_ALL,T0700,1.6,1.2,0.5,96.7,0.0,,2
CPU_ALL,T0701,0.3,0.5,0.0,99.2,0.0,,2
CPU_ALL,T0702,1.2,1.1,0.7,97.0,0.0,,2
CPU_ALL,T0703,0.3,0.3,0.1,99.3,0.0,,2
CPU_ALL,T0704,3.0,1.3,0.6,95.1,0.0,,2
CPU_ALL,T0705,0.5,0.5,0.0,99.0,0.0,,2
CPU_ALL,T0706,0.8,0.7,0.4,98.1,0.0,,2
CPU_ALL,T0707,2.1,0.8,0.0,97.1,0.0,,2
CPU_ALL,T0708,0.7,0.8,0.5,98.0,0.0,,2
CPU_ALL,T0709,0.3,0.5,0.3,98.9,0.0,,2
CPU_ALL,T0710,0.8,0.6,0.4,98.2,0.0,,2
CPU_ALL,T0711,0.4,0.5,0.1,99.0,0.0,,2
CPU_ALL,T0712,0.7,0.7,0.4,98.2,0.0,,2
CPU_ALL,T0713,0.3,0.4,0.2,99.1,0.0,,2
CPU_ALL,T0714,1.0,1.1,0.6,97.3,0.0,,2
CPU_ALL,T0715,0.4,0.4,0.1,99.1,0.0,,2
CPU_ALL,T0716,2.8,0.9,0.4,95.9,0.0,,2
CPU_ALL,T0717,0.7,0.6,0.3,98.4,0.0,,2
CPU_ALL,T0718,0.6,0.6,0.4,98.4,0.0,,2
CPU_ALL,T0719,0.5,0.7,0.1,98.7,0.0,,2
CPU_ALL,T0720,0.6,0.9,0.5,98.0,0.0,,2
CPU_ALL,T0721,0.3,0.4,0.0,99.3,0.0,,2
CPU_ALL,T0722,0.6,0.7,0.6,98.1,0.0,,2
CPU_ALL,T0723,0.4,0.4,0.1,99.1,0.0,,2
CPU_ALL,T0724,0.6,0.6,0.5,98.3,0.0,,2
CPU_ALL,T0725,0.3,0.4,0.0,99.3,0.0,,2
CPU_ALL,T0726,1.0,1.7,0.6,96.7,0.0,,2
CPU_ALL,T0727,0.4,0.3,0.0,99.3,0.0,,2
CPU_ALL,T0728,3.0,1.4,0.6,95.0,0.0,,2
CPU_ALL,T0729,0.6,0.5,0.0,98.9,0.0,,2
CPU_ALL,T0730,0.8,0.8,0.6,97.9,0.0,,2
CPU_ALL,T0731,0.3,0.5,0.3,98.9,0.0,,2
CPU_ALL,T0732,1.0,0.9,0.4,97.7,0.0,,2
CPU_ALL,T0733,0.3,0.4,0.1,99.2,0.0,,2
CPU_ALL,T0734,0.7,1.9,0.3,97.1,0.0,,2
CPU_ALL,T0735,0.3,0.4,0.2,99.1,0.0,,2
CPU_ALL,T0736,0.6,0.9,0.4,98.1,0.0,,2
CPU_ALL,T0737,0.3,0.2,0.1,99.4,0.0,,2
CPU_ALL,T0738,1.0,1.0,0.5,97.5,0.0,,2
CPU_ALL,T0739,0.3,0.4,0.0,99.3,0.0,,2
CPU_ALL,T0740,1.2,0.9,0.5,97.4,0.0,,2
CPU_ALL,T0741,2.3,0.8,0.1,96.8,0.0,,2
CPU_ALL,T0742,0.7,0.7,0.4,98.2,0.0,,2
CPU_ALL,T0743,2.0,0.6,0.0,97.4,0.0,,2
CPU_ALL,T0744,0.8,1.2,0.5,97.5,0.0,,2
CPU_ALL,T0745,0.4,0.3,0.2,99.1,0.0,,2
CPU_ALL,T0746,0.7,0.6,0.5,98.2,0.0,,2
CPU_ALL,T0747,0.4,0.3,0.1,99.2,0.0,,2
CPU_ALL,T0748,0.6,0.8,0.6,98.0,0.0,,2
CPU_ALL,T0749,0.2,0.3,0.1,99.4,0.0,,2
CPU_ALL,T0750,1.2,1.5,0.4,96.9,0.0,,2
CPU_ALL,T0751,0.3,0.3,0.2,99.2,0.0,,2
CPU_ALL,T0752,1.1,0.9,0.4,97.6,0.0,,2
CPU_ALL,T0753,2.2,1.4,0.2,96.2,0.0,,2
CPU_ALL,T0754,0.7,1.1,0.5,97.7,0.0,,2
CPU_ALL,T0755,0.3,0.3,0.1,99.3,0.0,,2
CPU_ALL,T0756,0.9,1.1,0.4,97.6,0.0,,2
CPU_ALL,T0757,0.2,0.4,0.3,99.1,0.0,,2
CPU_ALL,T0758,0.8,1.4,0.3,97.5,0.0,,2
CPU_ALL,T0759,0.4,0.4,0.1,99.1,0.0,,2
CPU_ALL,T0760,0.7,0.8,0.4,98.1,0.0,,2
CPU_ALL,T0761,0.4,0.5,0.1,99.0,0.0,,2
CPU_ALL,T0762,1.0,1.0,0.5,97.5,0.0,,2
CPU_ALL,T0763,0.3,0.3,0.0,99.4,0.0,,2
CPU_ALL,T0764,1.3,0.8,0.5,97.4,0.0,,2
CPU_ALL,T0765,2.1,0.9,0.1,96.9,0.0,,2
CPU_ALL,T0766,0.7,0.7,0.5,98.1,0.0,,2
CPU_ALL,T0767,0.3,0.4,0.1,99.2,0.0,,2
CPU_ALL,T0768,0.8,1.0,0.5,97.7,0.0,,2
CPU_ALL,T0769,0.3,0.6,0.1,99.0,0.0,,2
CPU_ALL,T0770,0.7,0.8,0.5,98.0,0.0,,2
CPU_ALL,T0771,0.4,0.5,0.1,99.0,0.0,,2
CPU_ALL,T0772,0.7,0.9,0.4,98.0,0.0,,2
CPU_ALL,T0773,0.3,0.3,0.1,99.3,0.0,,2
CPU_ALL,T0774,1.0,1.2,0.5,97.3,0.0,,2
CPU_ALL,T0775,0.4,0.3,0.2,99.1,0.0,,2
CPU_ALL,T0776,1.3,0.9,0.5,97.3,0.0,,2
CPU_ALL,T0777,2.4,0.8,0.1,96.7,0.0,,2
CPU_ALL,T0778,0.6,0.9,0.5,98.0,0.0,,2
CPU_ALL,T0779,2.0,0.6,0.1,97.3,0.0,,2
CPU_ALL,T0780,1.0,0.9,0.4,97.7,0.0,,2
CPU_ALL,T0781,0.4,0.3,0.2,99.1,0.0,,2
CPU_ALL,T0782,0.6,0.7,0.4,98.3,0.0,,2
CPU_ALL,T0783,0.3,0.4,0.1,99.2,0.0,,2
CPU_ALL,T0784,0.7,0.7,0.5,98.1,0.0,,2
CPU_ALL,T0785,0.4,0.3,0.1,99.2,0.0,,2
CPU_ALL,T0786,1.0,1.0,0.8,97.2,0.0,,2
CPU_ALL,T0787,0.5,0.3,0.0,99.2,0.0,,2
CPU_ALL,T0788,1.1,1.1,0.5,97.3,0.0,,2
CPU_ALL,T0789,2.4,1.1,0.0,96.5,0.0,,2
CPU_ALL,T0790,0.8,0.6,0.5,98.1,0.0,,2
CPU_ALL,T0791,0.2,0.4,0.0,99.4,0.0,,2
CPU_ALL,T0792,0.9,1.0,0.7,97.4,0.0,,2
CPU_ALL,T0793,0.2,0.2,0.0,99.6,0.0,,2
CPU_ALL,T0794,0.7,1.5,0.4,97.4,0.0,,2
CPU_ALL,T0795,0.4,0.3,0.0,99.3,0.0,,2
CPU_ALL,T0796,0.8,0.8,0.4,98.0,0.0,,2
CPU_ALL,T0797,0.3,0.4,0.3,99.0,0.0,,2
CPU_ALL,T0798,1.1,1.4,0.7,96.8,0.0,,2
CPU_ALL,T0799,0.4,0.3,0.1,99.2,0.0,,2
CPU_ALL,T0800,1.1,0.8,0.4,97.7,0.0,,2
CPU_ALL,T0801,2.2,1.0,0.2,96.6,0.0,,2
CPU_ALL,T0802,0.7,0.8,0.4,98.1,0.0,,2
CPU_ALL,T0803,0.3,0.8,0.2,98.7,0.0,,2
CPU_ALL,T0804,0.9,0.8,0.5,97.8,0.0,,2
CPU_ALL,T0805,0.3,0.4,0.3,99.0,0.0,,2
CPU_ALL,T0806,0.8,0.6,0.4,98.2,0.0,,2
CPU_ALL,T0807,0.3,0.3,0.1,99.3,0.0,,2
CPU_ALL,T0808,0.7,0.8,0.4,98.1,0.0,,2
CPU_ALL,T0809,0.4,0.3,0.1,99.2,0.0,,2
CPU_ALL,T0810,1.3,2.0,0.5,96.2,0.0,,2
CPU_ALL,T0811,0.4,0.4,0.1,99.1,0.0,,2
CPU_ALL,T0812,1.2,0.8,0.5,97.5,0.0,,2
CPU_ALL,T0813,2.3,0.9,0.1,96.7,0.0,,2
CPU_ALL,T0814,0.7,0.7,0.7,97.9,0.0,,2
CPU_ALL,T0815,2.0,0.6,0.0,97.4,0.0,,2
CPU_ALL,T0816,0.8,1.0,0.6,97.6,0.0,,2
CPU_ALL,T0817,0.3,0.3,0.0,99.4,0.0,,2
CPU_ALL,T0818,0.6,0.6,0.6,98.2,0.0,,2
CPU_ALL,T0819,0.3,0.4,0.0,99.3,0.0,,2
CPU_ALL,T0820,1.6,0.9,0.4,97.1,0.0,,2
CPU_ALL,T0821,0.3,0.3,0.0,99.4,0.0,,2
CPU_ALL,T0822,0.9,1.2,0.5,97.4,0.0,,2
CPU_ALL,T0823,0.3,0.3,0.1,99.3,0.0,,2
CPU_ALL,T0824,1.4,0.9,0.4,97.3,0.0,,2
CPU_ALL,T0825,2.2,0.9,0.2,96.7,0.0,,2
CPU_ALL,T0826,0.7,0.8,0.4,98.1,0.0,,2
CPU_ALL,T0827,0.3,0.3,0.1,99.3,0.0,,2
CPU_ALL,T0828,0.8,1.1,0.5,97.6,0.0,,2
CPU_ALL,T0829,0.4,0.3,0.2,99.1,0.0,,2
CPU_ALL,T0830,0.7,0.8,0.5,98.0,0.0,,2
CPU_ALL,T0831,0.4,0.3,0.0,99.3,0.0,,2
CPU_ALL,T0832,0.8,0.8,0.5,97.9,0.0,,2
CPU_ALL,T0833,0.3,0.3,0.0,99.4,0.0,,2
CPU_ALL,T0834,0.9,1.2,0.5,97.4,0.0,,2
CPU_ALL,T0835,0.4,0.4,0.1,99.1,0.0,,2
CPU_ALL,T0836,1.2,1.6,0.6,96.6,0.0,,2
CPU_ALL,T0837,2.3,0.8,0.1,96.8,0.0,,2
CPU_ALL,T0838,0.7,1.1,0.5,97.7,0.0,,2
CPU_ALL,T0839,0.3,0.4,0.0,99.3,0.0,,2
CPU_ALL,T0840,0.9,1.2,0.6,97.3,0.0,,2
CPU_ALL,T0841,0.4,0.6,0.0,99.0,0.0,,2
CPU_ALL,T0842,0.7,0.7,0.4,98.2,0.0,,2
CPU_ALL,T0843,0.3,0.3,0.1,99.3,0.0,,2
CPU_ALL,T0844,0.7,0.8,0.5,98.0,0.0,,2
CPU_ALL,T0845,7.8,1.1,0.9,90.2,0.0,,2
CPU_ALL,T0846,0.8,1.1,0.5,97.6,0.0,,2
CPU_ALL,T0847,0.5,0.7,0.2,98.6,0.0,,2
CPU_ALL,T0848,1.2,0.9,0.4,97.5,0.0,,2
CPU_ALL,T0849,2.6,1.1,0.2,96.1,0.0,,2
CPU_ALL,T0850,0.7,0.7,0.5,98.1,0.0,,2
CPU_ALL,T0851,2.2,1.1,0.2,96.5,0.0,,2
CPU_ALL,T0852,1.0,1.2,0.4,97.4,0.0,,2
CPU_ALL,T0853,0.3,0.4,0.1,99.2,0.0,,2
CPU_ALL,T0854,0.8,1.8,0.4,97.0,0.0,,2
CPU_ALL,T0855,0.2,0.4,0.1,99.3,0.0,,2
CPU_ALL,T0856,0.6,0.8,0.5,98.1,0.0,,2
CPU_ALL,T0857,0.3,0.3,0.0,99.4,0.0,,2
CPU_ALL,T0858,1.1,1.2,0.7,97.0,0.0,,2
CPU_ALL,T0859,2.2,0.7,0.0,97.1,0.0,,2
CPU_ALL,T0860,1.2,0.8,0.5,97.5,0.0,,2
CPU_ALL,T0861,2.2,0.9,0.2,96.7,0.0,,2
CPU_ALL,T0862,0.6,0.7,0.5,98.2,0.0,,2
CPU_ALL,T0863,0.4,0.4,0.0,99.2,0.0,,2
CPU_ALL,T0864,0.8,0.8,0.5,97.9,0.0,,2
CPU_ALL,T0865,0.3,0.3,0.1,99.3,0.0,,2
CPU_ALL,T0866,0.6,0.7,0.4,98.3,0.0,,2
CPU_ALL,T0867,0.3,0.3,0.1,99.3,0.0,,2
CPU_ALL,T0868,0.6,0.7,0.4,98.3,0.0,,2
CPU_ALL,T0869,0.3,0.3,0.1,99.3,0.0,,2
CPU_ALL,T0870,1.7,2.1,0.4,95.8,0.0,,2
CPU_ALL,T0871,0.4,0.4,0.1,99.1,0.0,,2
CPU_ALL,T0872,1.2,0.9,0.4,97.5,0.0,,2
CPU_ALL,T0873,2.3,0.8,0.3,96.6,0.0,,2
CPU_ALL,T0874,0.5,0.9,0.5,98.1,0.0,,2
CPU_ALL,T0875,0.4,0.3,0.0,99.3,0.0,,2
CPU_ALL,T0876,0.8,1.0,0.6,97.6,0.0,,2
CPU_ALL,T0877,0.3,0.2,0.1,99.4,0.0,,2
CPU_ALL,T0878,0.7,1.0,0.6,97.7,0.0,,2
CPU_ALL,T0879,0.4,0.4,0.0,99.2,0.0,,2
CPU_ALL,T0880,0.8,1.3,0.7,97.2,0.0,,2
CPU_ALL,T0881,0.2,0.4,0.0,99.4,0.0,,2
CPU_ALL,T0882,1.1,1.3,0.7,96.9,0.0,,2
CPU_ALL,T0883,0.3,0.4,0.0,99.3,0.0,,2
CPU_ALL,T0884,1.3,0.8,0.5,97.4,0.0,,2
CPU_ALL,T0885,2.0,1.0,0.0,97.0,0.0,,2
CPU_ALL,T0886,0.7,0.8,0.4,98.1,0.0,,2
CPU_ALL,T0887,2.3,0.8,0.2,96.7,0.0,,2
CPU_ALL,T0888,0.8,0.8,0.4,98.0,0.0,,2
CPU_ALL,T0889,0.3,0.3,0.2,99.2,0.0,,2
CPU_ALL,T0890,0.7,0.7,0.6,98.0,0.0,,2
CPU_ALL,T0891,0.4,0.4,0.2,99.0,0.0,,2
CPU_ALL,T0892,0.6,0.7,0.5,98.2,0.0,,2
CPU_ALL,T0893,0.4,0.4,0.1,99.1,0.0,,2
CPU_ALL,T0894,0.9,0.8,0.4,97.9,0.0,,2
CPU_ALL,T0895,0.5,0.5,0.1,98.9,0.0,,2
CPU_ALL,T0896,1.0,0.9,0.5,97.6,0.0,,2
CPU_ALL,T0897,2.4,1.1,0.0,96.5,0.0,,2
CPU_ALL,T0898,0.6,0.7,0.5,98.2,0.0,,2
CPU_ALL,T0899,0.6,0.6,0.1,98.7,0.0,,2
CPU_ALL,T0900,0.5,0.7,0.6,98.2,0.0,,2
CPU_ALL,T0901,0.3,0.4,0.0,99.3,0.0,,2
CPU_ALL,T0902,0.7,0.8,0.6,97.9,0.0,,2
CPU_ALL,T0903,0.4,0.4,0.0,99.2,0.0,,2
CPU_ALL,T0904,0.6,0.6,0.6,98.2,0.0,,2
CPU_ALL,T0905,0.4,0.5,0.0,99.1,0.0,,2
CPU_ALL,T0906,1.1,0.9,0.7,97.3,0.0,,2
CPU_ALL,T0907,0.3,0.5,0.1,99.1,0.0,,2
CPU_ALL,T0908,1.1,0.9,0.4,97.6,0.0,,2
CPU_ALL,T0909,2.3,0.8,0.2,96.7,0.0,,2
CPU_ALL,T0910,0.7,0.7,0.5,98.1,0.0,,2
CPU_ALL,T0911,0.5,1.2,0.3,98.0,0.0,,2
CPU_ALL,T0912,0.6,0.8,0.4,98.2,0.0,,2
CPU_ALL,T0913,0.4,0.4,0.3,99.0,0.0,,2
CPU_ALL,T0914,0.7,2.8,0.4,96.0,0.0,,2
CPU_ALL,T0915,0.4,0.3,0.2,99.1,0.0,,2
CPU_ALL,T0916,0.7,0.8,0.3,98.2,0.0,,2
CPU_ALL,T0917,0.3,0.3,0.1,99.3,0.0,,2
CPU_ALL,T0918,0.9,1.1,0.7,97.3,0.0,,2
CPU_ALL,T0919,0.5,0.6,0.0,98.9,0.0,,2
CPU_ALL,T0920,1.1,1.1,0.5,97.3,0.0,,2
CPU_ALL,T0921,2.3,1.7,0.2,95.8,0.0,,2
CPU_ALL,T0922,0.7,0.8,0.4,98.1,0.0,,2
CPU_ALL,T0923,2.2,0.8,0.1,96.9,0.0,,2
CPU_ALL,T0924,0.9,1.0,0.4,97.7,0.0,,2
CPU_ALL,T0925,0.3,0.4,0.1,99.2,0.0,,2
CPU_ALL,T0926,0.6,0.7,0.5,98.2,0.0,,2
CPU_ALL,T0927,0.4,0.3,0.0,99.3,0.0,,2
CPU_ALL,T0928,0.6,0.7,0.4,98.3,0.0,,2
CPU_ALL,T0929,0.3,0.2,0.1,99.4,0.0,,2
CPU_ALL,T0930,1.5,1.9,0.5,96.1,0.0,,2
CPU_ALL,T0931,0.3,0.5,0.1,99.1,0.0,,2
CPU_ALL,T0932,1.3,0.8,0.5,97.4,0.0,,2
CPU_ALL,T0933,2.4,1.1,0.1,96.4,0.0,,2
CPU_ALL,T0934,0.8,0.6,0.4,98.2,0.0,,2
CPU_ALL,T0935,0.2,0.4,0.1,99.3,0.0,,2
CPU_ALL,T0936,1.0,1.0,0.5,97.5,0.0,,2
CPU_ALL,T0937,0.3,0.3,0.2,99.2,0.0,,2
CPU_ALL,T0938,0.7,0.7,0.4,98.2,0.0,,2
CPU_ALL,T0939,0.3,0.3,0.0,99.4,0.0,,2
CPU_ALL,T0940,1.5,0.9,0.5,97.1,0.0,,2
CPU_ALL,T0941,0.3,0.4,0.1,99.2,0.0,,2
CPU_ALL,T0942,0.9,1.0,0.7,97.4,0.0,,2
CPU_ALL,T0943,0.3,0.3,0.0,99.4,0.0,,2
CPU_ALL,T0944,1.2,1.2,0.6,97.0,0.0,,2
CPU_ALL,T0945,2.4,0.7,0.0,96.9,0.0,,2
CPU_ALL,T0946,0.7,0.8,0.5,98.0,0.0,,2
CPU_ALL,T0947,0.3,0.2,0.1,99.4,0.0,,2
CPU_ALL,T0948,0.9,1.2,0.4,97.5,0.0,,2
CPU_ALL,T0949,0.3,0.3,0.1,99.3,0.0,,2
CPU_ALL,T0950,0.6,0.8,0.4,98.2,0.0,,2
CPU_ALL,T0951,0.4,0.2,0.1,99.3,0.0,,2
CPU_ALL,T0952,0.8,0.6,0.4,98.2,0.0,,2
CPU_ALL,T0953,0.2,0.4,0.2,99.2,0.0,,2
CPU_ALL,T0954,0.9,1.0,0.5,97.6,0.0,,2
CPU_ALL,T0955,0.4,0.3,0.1,99.2,0.0,,2
CPU_ALL,T0956,1.1,1.1,0.4,97.4,0.0,,2
CPU_ALL,T0957,2.5,1.5,0.2,95.7,0.0,,2
CPU_ALL,T0958,0.6,1.2,0.4,97.8,0.0,,2
CPU_ALL,T0959,2.2,0.6,0.1,97.1,0.0,,2
CPU_ALL,T0960,1.0,1.1,0.4,97.5,0.0,,2
CPU_ALL,T0961,0.2,0.4,0.0,99.4,0.0,,2
CPU_ALL,T0962,0.7,0.8,0.5,98.0,0.0,,2
CPU_ALL,T0963,0.4,0.3,0.1,99.2,0.0,,2
CPU_ALL,T0964,0.7,0.8,0.4,98.1,0.0,,2
CPU_ALL,T0965,0.2,0.4,0.1,99.3,0.0,,2
CPU_ALL,T0966,1.0,1.4,0.7,96.9,0.0,,2
CPU_ALL,T0967,0.4,0.3,0.0,99.3,0.0,,2
CPU_ALL,T0968,1.3,0.8,0.5,97.4,0.0,,2
CPU_ALL,T0969,2.4,0.8,0.1,96.7,0.0,,2
CPU_ALL,T0970,0.7,0.8,0.6,97.9,0.0,,2
CPU_ALL,T0971,0.3,0.4,0.0,99.3,0.0,,2
CPU_ALL,T0972,0.9,1.0,0.6,97.5,0.0,,2
CPU_ALL,T0973,0.3,0.4,0.0,99.3,0.0,,2
CPU_ALL,T0974,0.7,3.3,0.4,95.6,0.0,,2
CPU_ALL,T0975,0.3,0.2,0.1,99.4,0.0,,2
CPU_ALL,T0976,0.7,0.7,0.5,98.1,0.0,,2
CPU_ALL,T0977,0.3,0.4,0.1,99.2,0.0,,2
CPU_ALL,T0978,1.1,1.6,0.6,96.7,0.0,,2
CPU_ALL,T0979,0.3,0.3,0.2,99.2,0.0,,2
CPU_ALL,T0980,1.2,1.4,0.4,97.0,0.0,,2
CPU_ALL,T0981,2.4,0.8,0.1,96.7,0.0,,2
CPU_ALL,T0982,0.7,0.6,0.4,98.3,0.0,,2
CPU_ALL,T0983,0.2,0.4,0.1,99.3,0.0,,2
CPU_ALL,T0984,0.9,0.9,0.6,97.6,0.0,,2
CPU_ALL,T0985,0.2,0.3,0.0,99.5,0.0,,2
CPU_ALL,T0986,0.8,0.9,0.5,97.8,0.0,,2
CPU_ALL,T0987,0.3,0.3,0.0,99.4,0.0,,2
CPU_ALL,T0988,0.7,0.8,0.5,98.0,0.0,,2
CPU_ALL,T0989,0.2,0.3,0.1,99.4,0.0,,2
CPU_ALL,T0990,1.3,1.6,0.5,96.6,0.0,,2
CPU_ALL,T0991,0.5,0.4,0.1,99.0,0.0,,2
CPU_ALL,T0992,1.1,1.5,0.6,96.8,0.0,,2
CPU_ALL,T0993,2.3,1.8,0.1,95.8,0.0,,2
CPU_ALL,T0994,0.8,0.7,0.5,98.0,0.0,,2
CPU_ALL,T0995,2.2,0.9,0.0,96.9,0.0,,2
CPU_ALL,T0996,0.7,1.0,0.5,97.8,0.0,,2
CPU_ALL,T0997,0.3,0.3,0.1,99.3,0.0,,2
CPU_ALL,T0998,8.4,1.7,0.7,89.2,0.0,,2
CPU_ALL,T0999,0.3,0.5,0.2,99.0,0.0,,2
CPU_ALL,T1000,0.7,0.9,0.4,98.0,0.0,,2
