DISKBUSY,Disk %Busy VM-12-13-centos,vda,vda1,sr0
DISKBUSY,T0001,5.1,5.1,0.0
DISKBUSY,T0002,1.0,1.0,0.0
DISKBUSY,T0003,0.4,0.2,0.0
DISKBUSY,T0004,1.0,1.0,0.0
DISKBUSY,T0005,0.2,0.4,0.0
DISKBUSY,T0006,1.0,1.0,0.0
DISKBUSY,T0007,0.4,0.2,0.0
DISKBUSY,T0008,1.0,1.2,0.0
DISKBUSY,T0009,0.4,0.2,0.0
DISKBUSY,T0010,1.0,1.0,0.0
DISKBUSY,T0011,0.2,0.4,0.0
DISKBUSY,T0012,1.0,0.8,0.0
DISKBUSY,T0013,0.0,0.0,0.0
DISKBUSY,T0014,1.4,1.6,0.0
DISKBUSY,T0015,0.2,0.0,0.0
DISKBUSY,T0016,1.6,1.6,0.0
DISKBUSY,T0017,0.0,0.0,0.0
DISKBUSY,T0018,1.4,1.4,0.0
DISKBUSY,T0019,0.2,0.2,0.0
DISKBUSY,T0020,1.4,1.6,0.0
DISKBUSY,T0021,0.2,0.0,0.0
DISKBUSY,T0022,1.6,1.6,0.0
DISKBUSY,T0023,0.0,0.2,0.0
DISKBUSY,T0024,1.2,1.0,0.0
DISKBUSY,T0025,0.4,0.4,0.0
DISKBUSY,T0026,0.8,1.0,0.0
DISKBUSY,T0027,0.2,0.2,0.0
DISKBUSY,T0028,1.4,1.2,0.0
DISKBUSY,T0029,0.2,0.2,0.0
DISKBUSY,T0030,1.4,1.6,0.0
DISKBUSY,T0031,0.4,0.2,0.0
DISKBUSY,T0032,1.2,1.2,0.0
DISKBUSY,T0033,0.8,0.8,0.0
DISKBUSY,T0034,1.0,1.2,0.0
DISKBUSY,T0035,0.2,0.0,0.0
DISKBUSY,T0036,1.2,1.2,0.0
DISKBUSY,T0037,0.2,0.2,0.0
DISKBUSY,T0038,1.0,1.2,0.0
DISKBUSY,T0039,0.2,0.0,0.0
DISKBUSY,T0040,1.2,1.4,0.0
DISKBUSY,T0041,0.2,0.0,0.0
DISKBUSY,T0042,1.2,1.2,0.0
DISKBUSY,T0043,0.4,0.4,0.0
DISKBUSY,T0044,1.4,1.4,0.0
DISKBUSY,T0045,0.0,0.0,0.0
DISKBUSY,T0046,1.0,1.0,0.0
DISKBUSY,T0047,0.2,0.2,0.0
DISKBUSY,T0048,1.0,1.0,0.0
DISKBUSY,T0049,0.2,0.4,0.0
DISKBUSY,T0050,1.2,1.2,0.0
DISKBUSY,T0051,0.4,0.2,0.0
DISKBUSY,T0052,0.8,1.0,0.0
DISKBUSY,T0053,0.6,0.4,0.0
DISKBUSY,T0054,1.0,1.2,0.0
DISKBUSY,T0055,0.4,0.2,0.0
DISKBUSY,T0056,1.0,1.0,0.0
DISKBUSY,T0057,0.0,0.0,0.0
DISKBUSY,T0058,1.2,1.2,0.0
DISKBUSY,T0059,0.2,0.4,0.0
DISKBUSY,T0060,1.2,1.0,0.0
DISKBUSY,T0061,0.0,0.0,0.0
DISKBUSY,T0062,1.4,1.4,0.0
DISKBUSY,T0063,0.2,0.2,0.0
DISKBUSY,T0064,1.2,1.2,0.0
DISKBUSY,T0065,0.2,0.2,0.0
DISKBUSY,T0066,1.2,1.4,0.0
DISKBUSY,T0067,0.2,0.0,0.0
DISKBUSY,T0068,0.8,1.0,0.0
DISKBUSY,T0069,0.4,0.2,0.0
DISKBUSY,T0070,0.8,0.8,0.0
DISKBUSY,T0071,0.2,0.4,0.0
DISKBUSY,T0072,1.2,1.0,0.0
DISKBUSY,T0073,0.4,0.4,0.0
DISKBUSY,T0074,1.0,1.0,0.0
DISKBUSY,T0075,0.2,0.4,0.0
DISKBUSY,T0076,1.2,1.0,0.0
DISKBUSY,T0077,0.2,0.4,0.0
DISKBUSY,T0078,1.2,1.0,0.0
DISKBUSY,T0079,0.4,0.4,0.0
DISKBUSY,T0080,1.0,1.2,0.0
DISKBUSY,T0081,0.2,0.0,0.0
DISKBUSY,T0082,1.0,1.0,0.0
DISKBUSY,T0083,0.0,0.2,0.0
DISKBUSY,T0084,1.4,1.2,0.0
DISKBUSY,T0085,0.0,0.2,0.0
DISKBUSY,T0086,1.4,1.2,0.0
DISKBUSY,T0087,0.2,0.2,0.0
DISKBUSY,T0088,1.0,1.0,0.0
DISKBUSY,T0089,0.2,0.2,0.0
DISKBUSY,T0090,1.2,1.2,0.0
DISKBUSY,T0091,0.0,0.0,0.0
DISKBUSY,T0092,0.8,1.0,0.0
DISKBUSY,T0093,0.4,0.4,0.0
DISKBUSY,T0094,1.2,1.0,0.0
DISKBUSY,T0095,0.2,0.2,0.0
DISKBUSY,T0096,1.2,1.2,0.0
DISKBUSY,T0097,0.6,0.8,0.0
DISKBUSY,T0098,1.0,0.8,0.0
DISKBUSY,T0099,0.2,0.2,0.0
DISKBUSY,T0100,1.0,1.0,0.0
DISKBUSY,T0101,0.6,0.8,0.0
DISKBUSY,T0102,1.2,1.0,0.0
DISKBUSY,T0103,0.0,0.0,0.0
DISKBUSY,T0104,1.4,1.4,0.0
DISKBUSY,T0105,0.2,0.2,0.0
DISKBUSY,T0106,1.4,1.4,0.0
DISKBUSY,T0107,0.0,0.0,0.0
DISKBUSY,T0108,1.4,1.6,0.0
DISKBUSY,T0109,0.2,0.0,0.0
DISKBUSY,T0110,1.2,1.2,0.0
DISKBUSY,T0111,0.0,0.0,0.0
DISKBUSY,T0112,1.0,1.2,0.0
DISKBUSY,T0113,0.2,0.0,0.0
DISKBUSY,T0114,1.2,1.2,0.0
DISKBUSY,T0115,0.6,0.6,0.0
DISKBUSY,T0116,1.0,1.0,0.0
DISKBUSY,T0117,0.2,0.4,0.0
DISKBUSY,T0118,1.0,1.0,0.0
DISKBUSY,T0119,0.6,0.4,0.0
DISKBUSY,T0120,1.0,1.0,0.0
DISKBUSY,T0121,0.6,0.6,0.0
DISKBUSY,T0122,1.0,1.0,0.0
DISKBUSY,T0123,0.4,0.4,0.0
DISKBUSY,T0124,1.0,1.2,0.0
DISKBUSY,T0125,0.2,0.0,0.0
DISKBUSY,T0126,1.2,1.2,0.0
DISKBUSY,T0127,0.0,0.2,0.0
DISKBUSY,T0128,1.6,1.6,0.0
DISKBUSY,T0129,0.4,0.2,0.0
DISKBUSY,T0130,1.2,1.2,0.0
DISKBUSY,T0131,0.0,0.0,0.0
DISKBUSY,T0132,1.4,1.6,0.0
DISKBUSY,T0133,0.2,0.0,0.0
DISKBUSY,T0134,1.2,1.2,0.0
DISKBUSY,T0135,0.0,0.2,0.0
DISKBUSY,T0136,1.0,1.0,0.0
DISKBUSY,T0137,0.4,0.4,0.0
DISKBUSY,T0138,1.2,1.2,0.0
DISKBUSY,T0139,0.4,0.2,0.0
DISKBUSY,T0140,1.0,1.0,0.0
DISKBUSY,T0141,0.6,0.6,0.0
DISKBUSY,T0142,0.8,1.0,0.0
DISKBUSY,T0143,0.4,0.2,0.0
DISKBUSY,T0144,1.4,1.4,0.0
DISKBUSY,T0145,0.4,0.6,0.0
DISKBUSY,T0146,1.2,1.0,0.0
DISKBUSY,T0147,0.0,0.0,0.0
DISKBUSY,T0148,1.4,1.4,0.0
DISKBUSY,T0149,0.0,0.2,0.0
DISKBUSY,T0150,1.8,1.8,0.0
DISKBUSY,T0151,0.2,0.0,0.0
DISKBUSY,T0152,1.6,1.6,0.0
DISKBUSY,T0153,0.0,0.2,0.0
DISKBUSY,T0154,1.4,1.2,0.0
DISKBUSY,T0155,0.0,0.0,0.0
DISKBUSY,T0156,1.4,1.6,0.0
DISKBUSY,T0157,0.4,0.2,0.0
DISKBUSY,T0158,1.2,1.2,0.0
DISKBUSY,T0159,0.2,0.4,0.0
DISKBUSY,T0160,1.0,0.8,0.0
DISKBUSY,T0161,0.6,0.6,0.0
DISKBUSY,T0162,0.8,1.0,0.0
DISKBUSY,T0163,0.4,0.4,0.0
DISKBUSY,T0164,1.2,1.2,0.0
DISKBUSY,T0165,0.4,0.4,0.0
DISKBUSY,T0166,1.0,0.8,0.0
DISKBUSY,T0167,0.0,0.2,0.0
DISKBUSY,T0168,1.4,1.4,0.0
DISKBUSY,T0169,0.2,0.0,0.0
DISKBUSY,T0170,1.2,1.2,0.0
DISKBUSY,T0171,0.0,0.0,0.0
DISKBUSY,T0172,1.2,1.2,0.0
DISKBUSY,T0173,0.0,0.0,0.0
DISKBUSY,T0174,1.6,1.8,0.0
DISKBUSY,T0175,0.2,0.0,0.0
DISKBUSY,T0176,1.2,1.4,0.0
DISKBUSY,T0177,0.2,0.0,0.0
DISKBUSY,T0178,1.0,1.0,0.0
DISKBUSY,T0179,0.4,0.4,0.0
DISKBUSY,T0180,1.0,1.0,0.0
DISKBUSY,T0181,0.4,0.4,0.0
DISKBUSY,T0182,1.0,1.0,0.0
DISKBUSY,T0183,0.4,0.4,0.0
DISKBUSY,T0184,0.8,1.0,0.0
DISKBUSY,T0185,0.4,0.2,0.0
DISKBUSY,T0186,1.2,1.4,0.0
DISKBUSY,T0187,0.8,0.6,0.0
DISKBUSY,T0188,1.0,1.0,0.0
DISKBUSY,T0189,0.2,0.2,0.0
DISKBUSY,T0190,1.4,1.4,0.0
DISKBUSY,T0191,0.0,0.0,0.0
DISKBUSY,T0192,1.6,1.6,0.0
DISKBUSY,T0193,0.2,0.2,0.0
DISKBUSY,T0194,1.0,1.2,0.0
DISKBUSY,T0195,0.2,0.0,0.0
DISKBUSY,T0196,1.6,1.8,0.0
DISKBUSY,T0197,0.0,0.0,0.0
DISKBUSY,T0198,1.2,1.2,0.0
DISKBUSY,T0199,0.4,0.2,0.0
DISKBUSY,T0200,1.2,1.4,0.0
DISKBUSY,T0201,0.4,0.2,0.0
DISKBUSY,T0202,1.0,1.0,0.0
DISKBUSY,T0203,0.2,0.2,0.0
DISKBUSY,T0204,1.2,1.4,0.0
DISKBUSY,T0205,0.6,0.6,0.0
DISKBUSY,T0206,1.0,0.8,0.0
DISKBUSY,T0207,0.2,0.4,0.0
DISKBUSY,T0208,1.0,0.8,0.0
DISKBUSY,T0209,0.0,0.2,0.0
DISKBUSY,T0210,1.6,1.4,0.0
DISKBUSY,T0211,0.2,0.2,0.0
DISKBUSY,T0212,1.6,1.8,0.0
DISKBUSY,T0213,0.2,0.0,0.0
DISKBUSY,T0214,1.2,1.2,0.0
DISKBUSY,T0215,0.0,0.2,0.0
DISKBUSY,T0216,1.2,1.0,0.0
DISKBUSY,T0217,0.0,0.2,0.0
DISKBUSY,T0218,1.4,1.2,0.0
DISKBUSY,T0219,0.0,0.0,0.0
DISKBUSY,T0220,1.0,1.0,0.0
DISKBUSY,T0221,0.2,0.2,0.0
DISKBUSY,T0222,1.4,1.4,0.0
DISKBUSY,T0223,0.6,0.6,0.0
DISKBUSY,T0224,1.6,1.6,0.0
DISKBUSY,T0225,0.4,0.4,0.0
DISKBUSY,T0226,1.0,1.0,0.0
DISKBUSY,T0227,0.6,0.8,0.0
DISKBUSY,T0228,1.2,1.0,0.0
DISKBUSY,T0229,0.2,0.4,0.0
DISKBUSY,T0230,1.2,1.0,0.0
DISKBUSY,T0231,0.0,0.2,0.0
DISKBUSY,T0232,1.4,1.2,0.0
DISKBUSY,T0233,0.0,0.0,0.0
DISKBUSY,T0234,1.4,1.4,0.0
DISKBUSY,T0235,0.0,0.2,0.0
DISKBUSY,T0236,1.4,1.4,0.0
DISKBUSY,T0237,0.2,0.0,0.0
DISKBUSY,T0238,1.2,1.4,0.0
DISKBUSY,T0239,0.2,0.0,0.0
DISKBUSY,T0240,1.4,1.4,0.0
DISKBUSY,T0241,0.0,0.2,0.0
DISKBUSY,T0242,1.0,0.8,0.0
DISKBUSY,T0243,0.2,0.2,0.0
DISKBUSY,T0244,1.0,1.0,0.0
DISKBUSY,T0245,0.4,0.4,0.0
DISKBUSY,T0246,1.4,1.4,0.0
DISKBUSY,T0247,0.2,0.2,0.0
DISKBUSY,T0248,1.0,1.0,0.0
DISKBUSY,T0249,0.4,0.4,0.0
DISKBUSY,T0250,1.0,1.0,0.0
DISKBUSY,T0251,0.4,0.4,0.0
DISKBUSY,T0252,0.8,0.8,0.0
DISKBUSY,T0253,0.2,0.2,0.0
DISKBUSY,T0254,1.8,1.8,0.0
DISKBUSY,T0255,0.0,0.0,0.0
DISKBUSY,T0256,1.4,1.4,0.0
DISKBUSY,T0257,0.0,0.2,0.0
DISKBUSY,T0258,1.6,1.4,0.0
DISKBUSY,T0259,0.4,0.4,0.0
DISKBUSY,T0260,1.2,1.2,0.0
DISKBUSY,T0261,0.0,0.2,0.0
DISKBUSY,T0262,1.2,1.0,0.0
DISKBUSY,T0263,0.0,0.2,0.0
DISKBUSY,T0264,1.2,1.0,0.0
DISKBUSY,T0265,0.0,0.0,0.0
DISKBUSY,T0266,0.8,1.0,0.0
DISKBUSY,T0267,0.4,0.4,0.0
DISKBUSY,T0268,1.0,1.0,0.0
DISKBUSY,T0269,0.4,0.2,0.0
DISKBUSY,T0270,1.2,1.2,0.0
DISKBUSY,T0271,0.4,0.4,0.0
DISKBUSY,T0272,0.8,0.8,0.0
DISKBUSY,T0273,0.4,0.4,0.0
DISKBUSY,T0274,0.8,0.8,0.0
DISKBUSY,T0275,0.4,0.4,0.0
DISKBUSY,T0276,1.2,1.2,0.0
DISKBUSY,T0277,0.0,0.0,0.0
DISKBUSY,T0278,1.2,1.2,0.0
DISKBUSY,T0279,0.2,0.2,0.0
DISKBUSY,T0280,1.0,1.2,0.0
DISKBUSY,T0281,0.2,0.0,0.0
DISKBUSY,T0282,1.2,1.2,0.0
DISKBUSY,T0283,0.0,0.0,0.0
DISKBUSY,T0284,1.2,1.2,0.0
DISKBUSY,T0285,0.0,0.0,0.0
DISKBUSY,T0286,1.6,1.6,0.0
DISKBUSY,T0287,0.2,0.2,0.0
DISKBUSY,T0288,1.2,1.2,0.0
DISKBUSY,T0289,0.2,0.2,0.0
DISKBUSY,T0290,1.2,1.2,0.0
DISKBUSY,T0291,0.4,0.4,0.0
DISKBUSY,T0292,1.0,1.0,0.0
DISKBUSY,T0293,0.4,0.4,0.0
DISKBUSY,T0294,1.2,1.2,0.0
DISKBUSY,T0295,0.4,0.4,0.0
DISKBUSY,T0296,1.0,1.0,0.0
DISKBUSY,T0297,0.4,0.4,0.0
DISKBUSY,T0298,1.0,1.0,0.0
DISKBUSY,T0299,0.0,0.0,0.0
DISKBUSY,T0300,2.0,2.2,0.0
DISKBUSY,T0301,0.2,0.0,0.0
DISKBUSY,T0302,1.2,1.4,0.0
DISKBUSY,T0303,0.2,0.0,0.0
DISKBUSY,T0304,1.2,1.4,0.0
DISKBUSY,T0305,0.2,0.0,0.0
DISKBUSY,T0306,1.6,1.6,0.0
DISKBUSY,T0307,0.2,0.2,0.0
DISKBUSY,T0308,1.2,1.2,0.0
DISKBUSY,T0309,0.0,0.0,0.0
DISKBUSY,T0310,1.2,1.2,0.0
DISKBUSY,T0311,0.4,0.6,0.0
DISKBUSY,T0312,1.2,1.0,0.0
DISKBUSY,T0313,0.4,0.4,0.0
DISKBUSY,T0314,1.2,1.4,0.0
DISKBUSY,T0315,0.4,0.2,0.0
DISKBUSY,T0316,1.2,1.2,0.0
DISKBUSY,T0317,0.2,0.4,0.0
DISKBUSY,T0318,1.2,1.0,0.0
DISKBUSY,T0319,0.4,0.4,0.0
DISKBUSY,T0320,1.0,1.0,0.0
DISKBUSY,T0321,0.0,0.0,0.0
DISKBUSY,T0322,1.2,1.2,0.0
DISKBUSY,T0323,0.2,0.2,0.0
DISKBUSY,T0324,1.4,1.4,0.0
DISKBUSY,T0325,0.2,0.2,0.0
DISKBUSY,T0326,1.4,1.4,0.0
DISKBUSY,T0327,0.0,0.2,0.0
DISKBUSY,T0328,1.6,1.4,0.0
DISKBUSY,T0329,0.0,0.0,0.0
DISKBUSY,T0330,1.6,1.6,0.0
DISKBUSY,T0331,0.2,0.2,0.0
DISKBUSY,T0332,1.0,1.0,0.0
DISKBUSY,T0333,0.2,0.2,0.0
DISKBUSY,T0334,1.0,1.2,0.0
DISKBUSY,T0335,0.4,0.2,0.0
DISKBUSY,T0336,1.0,1.2,0.0
DISKBUSY,T0337,0.4,0.2,0.0
DISKBUSY,T0338,1.0,1.0,0.0
DISKBUSY,T0339,0.6,0.6,0.0
DISKBUSY,T0340,1.4,1.4,0.0
DISKBUSY,T0341,0.6,0.8,0.0
DISKBUSY,T0342,1.0,0.8,0.0
DISKBUSY,T0343,0.2,0.4,0.0
DISKBUSY,T0344,1.0,0.8,0.0
DISKBUSY,T0345,0.2,0.2,0.0
DISKBUSY,T0346,1.0,1.0,0.0
DISKBUSY,T0347,0.2,0.2,0.0
DISKBUSY,T0348,1.2,1.4,0.0
DISKBUSY,T0349,0.2,0.0,0.0
DISKBUSY,T0350,1.0,1.0,0.0
DISKBUSY,T0351,0.2,0.2,0.0
DISKBUSY,T0352,1.6,1.6,0.0
DISKBUSY,T0353,0.0,0.0,0.0
DISKBUSY,T0354,1.0,1.0,0.0
DISKBUSY,T0355,0.2,0.4,0.0
DISKBUSY,T0356,1.2,1.0,0.0
DISKBUSY,T0357,0.2,0.2,0.0
DISKBUSY,T0358,1.0,1.0,0.0
DISKBUSY,T0359,0.4,0.4,0.0
DISKBUSY,T0360,1.0,1.0,0.0
DISKBUSY,T0361,0.4,0.4,0.0
DISKBUSY,T0362,1.0,1.0,0.0
DISKBUSY,T0363,0.4,0.4,0.0
DISKBUSY,T0364,1.0,1.0,0.0
DISKBUSY,T0365,0.0,0.0,0.0
DISKBUSY,T0366,1.8,1.8,0.0
DISKBUSY,T0367,0.0,0.0,0.0
DISKBUSY,T0368,1.2,1.4,0.0
DISKBUSY,T0369,0.2,0.0,0.0
DISKBUSY,T0370,1.5,1.5,0.0
DISKBUSY,T0371,0.0,0.2,0.0
DISKBUSY,T0372,1.8,1.6,0.0
DISKBUSY,T0373,0.0,0.0,0.0
DISKBUSY,T0374,1.2,1.4,0.0
DISKBUSY,T0375,0.4,0.2,0.0
DISKBUSY,T0376,1.4,1.4,0.0
DISKBUSY,T0377,0.2,0.2,0.0
DISKBUSY,T0378,1.4,1.4,0.0
DISKBUSY,T0379,0.2,0.4,0.0
DISKBUSY,T0380,1.2,1.0,0.0
DISKBUSY,T0381,0.6,0.6,0.0
DISKBUSY,T0382,0.8,1.0,0.0
DISKBUSY,T0383,0.6,0.4,0.0
DISKBUSY,T0384,1.2,1.2,0.0
DISKBUSY,T0385,0.0,0.2,0.0
DISKBUSY,T0386,1.6,1.4,0.0
DISKBUSY,T0387,0.0,0.0,0.0
DISKBUSY,T0388,1.4,1.6,0.0
DISKBUSY,T0389,0.2,0.0,0.0
DISKBUSY,T0390,1.8,1.8,0.0
DISKBUSY,T0391,0.4,0.4,0.0
DISKBUSY,T0392,1.0,1.0,0.0
DISKBUSY,T0393,0.0,0.2,0.0
DISKBUSY,T0394,1.4,1.4,0.0
DISKBUSY,T0395,0.2,0.0,0.0
DISKBUSY,T0396,1.4,1.4,0.0
DISKBUSY,T0397,0.4,0.4,0.0
DISKBUSY,T0398,1.2,1.2,0.0
DISKBUSY,T0399,0.4,0.4,0.0
DISKBUSY,T0400,1.0,1.0,0.0
DISKBUSY,T0401,0.2,0.2,0.0
DISKBUSY,T0402,1.2,1.4,0.0
DISKBUSY,T0403,0.4,0.2,0.0
DISKBUSY,T0404,1.0,1.2,0.0
DISKBUSY,T0405,0.4,0.2,0.0
DISKBUSY,T0406,0.8,1.0,0.0
DISKBUSY,T0407,0.2,0.0,0.0
DISKBUSY,T0408,1.2,1.2,0.0
DISKBUSY,T0409,0.2,0.2,0.0
DISKBUSY,T0410,1.2,1.2,0.0
DISKBUSY,T0411,0.0,0.0,0.0
DISKBUSY,T0412,1.2,1.2,0.0
DISKBUSY,T0413,0.0,0.2,0.0
DISKBUSY,T0414,1.4,1.2,0.0
DISKBUSY,T0415,0.2,0.2,0.0
DISKBUSY,T0416,1.2,1.4,0.0
DISKBUSY,T0417,0.2,0.2,0.0
DISKBUSY,T0418,1.2,1.0,0.0
DISKBUSY,T0419,0.2,0.2,0.0
DISKBUSY,T0420,1.2,1.2,0.0
DISKBUSY,T0421,0.4,0.4,0.0
DISKBUSY,T0422,2.0,2.0,0.0
DISKBUSY,T0423,0.2,0.2,0.0
DISKBUSY,T0424,1.2,1.2,0.0
DISKBUSY,T0425,0.2,0.2,0.0
DISKBUSY,T0426,1.4,1.4,0.0
DISKBUSY,T0427,0.2,0.2,0.0
DISKBUSY,T0428,1.2,1.2,0.0
DISKBUSY,T0429,0.4,0.4,0.0
DISKBUSY,T0430,0.8,1.0,0.0
DISKBUSY,T0431,0.2,0.0,0.0
DISKBUSY,T0432,1.2,1.4,0.0
DISKBUSY,T0433,0.2,0.2,0.0
DISKBUSY,T0434,1.4,1.2,0.0
DISKBUSY,T0435,0.2,0.2,0.0
DISKBUSY,T0436,1.2,1.2,0.0
DISKBUSY,T0437,0.0,0.0,0.0
DISKBUSY,T0438,1.8,1.8,0.0
DISKBUSY,T0439,0.0,0.0,0.0
DISKBUSY,T0440,1.2,1.2,0.0
DISKBUSY,T0441,0.0,0.0,0.0
DISKBUSY,T0442,1.2,1.2,0.0
DISKBUSY,T0443,0.6,0.6,0.0
DISKBUSY,T0444,1.2,1.2,0.0
DISKBUSY,T0445,0.4,0.4,0.0
DISKBUSY,T0446,1.0,1.0,0.0
DISKBUSY,T0447,0.4,0.4,0.0
DISKBUSY,T0448,0.8,0.8,0.0
DISKBUSY,T0449,0.4,0.4,0.0
DISKBUSY,T0450,1.0,1.0,0.0
DISKBUSY,T0451,0.4,0.6,0.0
DISKBUSY,T0452,1.0,0.8,0.0
DISKBUSY,T0453,0.0,0.2,0.0
DISKBUSY,T0454,1.4,1.2,0.0
DISKBUSY,T0455,0.0,0.0,0.0
DISKBUSY,T0456,1.4,1.4,0.0
DISKBUSY,T0457,0.2,0.2,0.0
DISKBUSY,T0458,1.2,1.2,0.0
DISKBUSY,T0459,0.0,0.2,0.0
DISKBUSY,T0460,1.4,1.4,0.0
DISKBUSY,T0461,0.2,0.0,0.0
DISKBUSY,T0462,1.2,1.2,0.0
DISKBUSY,T0463,0.0,0.0,0.0
DISKBUSY,T0464,1.2,1.2,0.0
DISKBUSY,T0465,0.4,0.4,0.0
DISKBUSY,T0466,1.0,1.0,0.0
DISKBUSY,T0467,0.4,0.4,0.0
DISKBUSY,T0468,1.2,1.4,0.0
DISKBUSY,T0469,0.4,0.4,0.0
DISKBUSY,T0470,1.0,0.8,0.0
DISKBUSY,T0471,0.4,0.4,0.0
DISKBUSY,T0472,1.0,1.0,0.0
DISKBUSY,T0473,0.6,0.6,0.0
DISKBUSY,T0474,1.0,1.0,0.0
DISKBUSY,T0475,0.2,0.2,0.0
DISKBUSY,T0476,1.2,1.2,0.0
DISKBUSY,T0477,0.0,0.2,0.0
DISKBUSY,T0478,1.6,1.4,0.0
DISKBUSY,T0479,0.0,0.2,0.0
DISKBUSY,T0480,1.4,1.2,0.0
DISKBUSY,T0481,0.2,0.2,0.0
DISKBUSY,T0482,2.0,2.2,0.0
DISKBUSY,T0483,0.2,0.0,0.0
DISKBUSY,T0484,1.2,1.2,0.0
DISKBUSY,T0485,0.0,0.0,0.0
DISKBUSY,T0486,1.4,1.4,0.0
DISKBUSY,T0487,0.4,0.4,0.0
DISKBUSY,T0488,1.2,1.2,0.0
DISKBUSY,T0489,0.4,0.4,0.0
DISKBUSY,T0490,1.0,1.0,0.0
DISKBUSY,T0491,0.4,0.4,0.0
DISKBUSY,T0492,1.2,1.2,0.0
DISKBUSY,T0493,0.4,0.4,0.0
DISKBUSY,T0494,1.4,1.4,0.0
DISKBUSY,T0495,0.4,0.4,0.0
DISKBUSY,T0496,1.0,1.0,0.0
DISKBUSY,T0497,0.0,0.2,0.0
DISKBUSY,T0498,1.4,1.2,0.0
DISKBUSY,T0499,0.2,0.2,0.0
DISKBUSY,T0500,1.4,1.4,0.0
DISKBUSY,T0501,0.0,0.0,0.0
DISKBUSY,T0502,1.2,1.2,0.0
DISKBUSY,T0503,0.0,0.0,0.0
DISKBUSY,T0504,1.4,1.4,0.0
DISKBUSY,T0505,0.0,0.0,0.0
DISKBUSY,T0506,1.6,1.8,0.0
DISKBUSY,T0507,0.2,0.0,0.0
DISKBUSY,T0508,1.2,1.2,0.0
DISKBUSY,T0509,0.2,0.2,0.0
DISKBUSY,T0510,1.6,1.6,0.0
DISKBUSY,T0511,0.4,0.4,0.0
DISKBUSY,T0512,0.8,0.8,0.0
DISKBUSY,T0513,0.4,0.6,0.0
DISKBUSY,T0514,1.2,1.0,0.0
DISKBUSY,T0515,0.2,0.4,0.0
DISKBUSY,T0516,1.2,1.0,0.0
DISKBUSY,T0517,0.2,0.4,0.0
DISKBUSY,T0518,1.6,1.4,0.0
DISKBUSY,T0519,0.8,0.8,0.0
DISKBUSY,T0520,1.6,1.6,0.0
DISKBUSY,T0521,0.2,0.2,0.0
DISKBUSY,T0522,1.0,1.0,0.0
DISKBUSY,T0523,0.2,0.2,0.0
DISKBUSY,T0524,1.6,1.6,0.0
DISKBUSY,T0525,0.0,0.0,0.0
DISKBUSY,T0526,1.2,1.2,0.0
DISKBUSY,T0527,0.0,0.2,0.0
DISKBUSY,T0528,1.4,1.2,0.0
DISKBUSY,T0529,0.2,0.2,0.0
DISKBUSY,T0530,1.0,1.2,0.0
DISKBUSY,T0531,0.2,0.0,0.0
DISKBUSY,T0532,1.0,1.0,0.0
DISKBUSY,T0533,0.4,0.4,0.0
DISKBUSY,T0534,1.4,1.6,0.0
DISKBUSY,T0535,0.4,0.4,0.0
DISKBUSY,T0536,1.2,1.0,0.0
DISKBUSY,T0537,0.2,0.4,0.0
DISKBUSY,T0538,1.0,0.8,0.0
DISKBUSY,T0539,0.4,0.4,0.0
DISKBUSY,T0540,1.0,1.0,0.0
DISKBUSY,T0541,0.6,0.6,0.0
DISKBUSY,T0542,1.0,1.0,0.0
DISKBUSY,T0543,0.0,0.0,0.0
DISKBUSY,T0544,1.2,1.2,0.0
DISKBUSY,T0545,0.0,0.0,0.0
DISKBUSY,T0546,1.8,1.8,0.0
DISKBUSY,T0547,0.2,0.2,0.0
DISKBUSY,T0548,1.4,1.4,0.0
DISKBUSY,T0549,0.2,0.2,0.0
DISKBUSY,T0550,1.2,1.2,0.0
DISKBUSY,T0551,0.0,0.0,0.0
DISKBUSY,T0552,1.0,1.0,0.0
DISKBUSY,T0553,0.2,0.2,0.0
DISKBUSY,T0554,1.0,1.2,0.0
DISKBUSY,T0555,0.4,0.2,0.0
DISKBUSY,T0556,1.2,1.4,0.0
DISKBUSY,T0557,0.2,0.2,0.0
DISKBUSY,T0558,1.4,1.2,0.0
DISKBUSY,T0559,0.4,0.6,0.0
DISKBUSY,T0560,1.0,0.8,0.0
DISKBUSY,T0561,0.6,0.6,0.0
DISKBUSY,T0562,1.0,1.0,0.0
DISKBUSY,T0563,0.2,0.2,0.0
DISKBUSY,T0564,1.2,1.2,0.0
DISKBUSY,T0565,0.0,0.0,0.0
DISKBUSY,T0566,1.2,1.2,0.0
DISKBUSY,T0567,0.0,0.0,0.0
DISKBUSY,T0568,1.2,1.2,0.0
DISKBUSY,T0569,0.0,0.2,0.0
DISKBUSY,T0570,1.6,1.6,0.0
DISKBUSY,T0571,0.2,0.0,0.0
DISKBUSY,T0572,1.2,1.2,0.0
DISKBUSY,T0573,0.0,0.2,0.0
DISKBUSY,T0574,1.0,0.8,0.0
DISKBUSY,T0575,0.2,0.2,0.0
DISKBUSY,T0576,1.4,1.4,0.0
DISKBUSY,T0577,0.4,0.4,0.0
DISKBUSY,T0578,1.0,1.0,0.0
DISKBUSY,T0579,0.6,0.6,0.0
DISKBUSY,T0580,0.8,0.8,0.0
DISKBUSY,T0581,0.4,0.6,0.0
DISKBUSY,T0582,1.2,1.0,0.0
DISKBUSY,T0583,0.4,0.4,0.0
DISKBUSY,T0584,1.0,1.0,0.0
DISKBUSY,T0585,0.2,0.2,0.0
DISKBUSY,T0586,1.4,1.6,0.0
DISKBUSY,T0587,0.2,0.0,0.0
DISKBUSY,T0588,1.6,1.6,0.0
DISKBUSY,T0589,0.0,0.0,0.0
DISKBUSY,T0590,1.2,1.2,0.0
DISKBUSY,T0591,0.2,0.2,0.0
DISKBUSY,T0592,1.2,1.2,0.0
DISKBUSY,T0593,0.0,0.0,0.0
DISKBUSY,T0594,1.6,1.6,0.0
DISKBUSY,T0595,0.2,0.2,0.0
DISKBUSY,T0596,1.0,1.0,0.0
DISKBUSY,T0597,0.4,0.4,0.0
DISKBUSY,T0598,1.2,1.2,0.0
DISKBUSY,T0599,0.2,0.4,0.0
DISKBUSY,T0600,1.6,1.4,0.0
DISKBUSY,T0601,0.2,0.4,0.0
DISKBUSY,T0602,1.2,1.0,0.0
DISKBUSY,T0603,0.4,0.4,0.0
DISKBUSY,T0604,1.0,1.0,0.0
DISKBUSY,T0605,0.4,0.4,0.0
DISKBUSY,T0606,1.2,1.2,0.0
DISKBUSY,T0607,0.6,0.6,0.0
DISKBUSY,T0608,0.8,0.8,0.0
DISKBUSY,T0609,0.2,0.2,0.0
DISKBUSY,T0610,1.2,1.2,0.0
DISKBUSY,T0611,0.2,0.2,0.0
DISKBUSY,T0612,1.2,1.2,0.0
DISKBUSY,T0613,0.2,0.2,0.0
DISKBUSY,T0614,1.2,1.2,0.0
DISKBUSY,T0615,0.2,0.2,0.0
DISKBUSY,T0616,0.8,1.0,0.0
DISKBUSY,T0617,0.2,0.0,0.0
DISKBUSY,T0618,1.2,1.4,0.0
DISKBUSY,T0619,0.2,0.0,0.0
DISKBUSY,T0620,1.0,1.0,0.0
DISKBUSY,T0621,0.4,0.4,0.0
DISKBUSY,T0622,1.0,1.0,0.0
DISKBUSY,T0623,0.4,0.4,0.0
DISKBUSY,T0624,1.0,1.0,0.0
DISKBUSY,T0625,0.4,0.4,0.0
DISKBUSY,T0626,1.4,1.6,0.0
DISKBUSY,T0627,0.4,0.2,0.0
DISKBUSY,T0628,1.0,1.0,0.0
DISKBUSY,T0629,0.2,0.4,0.0
DISKBUSY,T0630,1.2,1.2,0.0
DISKBUSY,T0631,0.4,0.2,0.0
DISKBUSY,T0632,1.4,1.4,0.0
DISKBUSY,T0633,0.0,0.0,0.0
DISKBUSY,T0634,1.2,1.4,0.0
DISKBUSY,T0635,0.2,0.0,0.0
DISKBUSY,T0636,1.8,1.8,0.0
DISKBUSY,T0637,0.2,0.2,0.0
DISKBUSY,T0638,1.2,1.2,0.0
DISKBUSY,T0639,0.0,0.2,0.0
DISKBUSY,T0640,1.2,1.2,0.0
DISKBUSY,T0641,0.2,0.0,0.0
DISKBUSY,T0642,1.2,1.2,0.0
DISKBUSY,T0643,0.2,0.2,0.0
DISKBUSY,T0644,1.0,1.2,0.0
DISKBUSY,T0645,0.4,0.2,0.0
DISKBUSY,T0646,1.0,1.0,0.0
DISKBUSY,T0647,0.4,0.4,0.0
DISKBUSY,T0648,1.0,1.0,0.0
DISKBUSY,T0649,0.4,0.4,0.0
DISKBUSY,T0650,0.8,0.8,0.0
DISKBUSY,T0651,0.4,0.4,0.0
DISKBUSY,T0652,0.8,0.8,0.0
DISKBUSY,T0653,0.2,0.2,0.0
DISKBUSY,T0654,1.2,1.2,0.0
DISKBUSY,T0655,0.4,0.4,0.0
DISKBUSY,T0656,1.4,1.4,0.0
DISKBUSY,T0657,0.0,0.2,0.0
DISKBUSY,T0658,1.4,1.2,0.0
DISKBUSY,T0659,0.0,0.2,0.0
DISKBUSY,T0660,1.2,1.2,0.0
DISKBUSY,T0661,0.2,0.0,0.0
DISKBUSY,T0662,1.2,1.2,0.0
DISKBUSY,T0663,0.0,0.2,0.0
DISKBUSY,T0664,1.2,1.0,0.0
DISKBUSY,T0665,0.4,0.6,0.0
DISKBUSY,T0666,1.4,1.2,0.0
DISKBUSY,T0667,0.2,0.4,0.0
DISKBUSY,T0668,1.0,0.8,0.0
DISKBUSY,T0669,0.6,0.6,0.0
DISKBUSY,T0670,1.4,1.4,0.0
DISKBUSY,T0671,0.4,0.4,0.0
DISKBUSY,T0672,1.2,1.2,0.0
DISKBUSY,T0673,0.4,0.6,0.0
DISKBUSY,T0674,1.2,1.0,0.0
DISKBUSY,T0675,0.2,0.2,0.0
DISKBUSY,T0676,1.0,1.0,0.0
DISKBUSY,T0677,0.0,0.2,0.0
DISKBUSY,T0678,1.6,1.4,0.0
DISKBUSY,T0679,0.2,0.2,0.0
DISKBUSY,T0680,1.2,1.2,0.0
DISKBUSY,T0681,0.2,0.2,0.0
DISKBUSY,T0682,2.2,2.2,0.0
DISKBUSY,T0683,0.0,0.2,0.0
DISKBUSY,T0684,2.0,1.8,0.0
DISKBUSY,T0685,0.0,0.2,0.0
DISKBUSY,T0686,1.2,1.2,0.0
DISKBUSY,T0687,0.8,0.6,0.0
DISKBUSY,T0688,1.2,1.2,0.0
DISKBUSY,T0689,0.2,0.2,0.0
DISKBUSY,T0690,1.2,1.2,0.0
DISKBUSY,T0691,0.6,0.6,0.0
DISKBUSY,T0692,1.0,1.0,0.0
DISKBUSY,T0693,0.6,0.6,0.0
DISKBUSY,T0694,0.8,0.8,0.0
DISKBUSY,T0695,0.6,0.6,0.0
DISKBUSY,T0696,1.2,1.2,0.0
DISKBUSY,T0697,0.0,0.2,0.0
DISKBUSY,T0698,1.2,1.0,0.0
DISKBUSY,T0699,0.2,0.2,0.0
DISKBUSY,T0700,1.2,1.2,0.0
DISKBUSY,T0701,0.2,0.2,0.0
DISKBUSY,T0702,1.6,1.6,0.0
DISKBUSY,T0703,0.2,0.4,0.0
DISKBUSY,T0704,1.4,1.2,0.0
DISKBUSY,T0705,0.2,0.2,0.0
DISKBUSY,T0706,1.2,1.2,0.0
DISKBUSY,T0707,0.0,0.0,0.0
DISKBUSY,T0708,1.4,1.4,0.0
DISKBUSY,T0709,0.6,0.8,0.0
DISKBUSY,T0710,1.2,1.0,0.0
DISKBUSY,T0711,0.2,0.4,0.0
DISKBUSY,T0712,1.2,1.0,0.0
DISKBUSY,T0713,0.6,0.6,0.0
DISKBUSY,T0714,1.4,1.4,0.0
DISKBUSY,T0715,0.4,0.4,0.0
DISKBUSY,T0716,1.0,1.0,0.0
DISKBUSY,T0717,0.6,0.6,0.0
DISKBUSY,T0718,1.0,1.0,0.0
DISKBUSY,T0719,0.2,0.2,0.0
DISKBUSY,T0720,1.4,1.4,0.0
DISKBUSY,T0721,0.0,0.2,0.0
DISKBUSY,T0722,1.6,1.4,0.0
DISKBUSY,T0723,0.0,0.0,0.0
DISKBUSY,T0724,1.2,1.4,0.0
DISKBUSY,T0725,0.2,0.0,0.0
DISKBUSY,T0726,1.4,1.4,0.0
DISKBUSY,T0727,0.0,0.2,0.0
DISKBUSY,T0728,1.4,1.2,0.0
DISKBUSY,T0729,0.2,0.2,0.0
DISKBUSY,T0730,1.2,1.5,0.0
DISKBUSY,T0731,0.6,0.4,0.0
DISKBUSY,T0732,1.2,1.2,0.0
DISKBUSY,T0733,0.4,0.4,0.0
DISKBUSY,T0734,0.8,1.0,0.0
DISKBUSY,T0735,0.6,0.4,0.0
DISKBUSY,T0736,1.0,1.0,0.0
DISKBUSY,T0737,0.2,0.4,0.0
DISKBUSY,T0738,1.4,1.2,0.0
DISKBUSY,T0739,0.0,0.0,0.0
DISKBUSY,T0740,1.2,1.2,0.0
DISKBUSY,T0741,0.2,0.2,0.0
DISKBUSY,T0742,1.0,1.0,0.0
DISKBUSY,T0743,0.2,0.2,0.0
DISKBUSY,T0744,1.6,1.6,0.0
DISKBUSY,T0745,0.2,0.2,0.0
DISKBUSY,T0746,1.2,1.2,0.0
DISKBUSY,T0747,0.4,0.4,0.0
DISKBUSY,T0748,1.4,1.6,0.0
DISKBUSY,T0749,0.2,0.0,0.0
DISKBUSY,T0750,1.2,1.2,0.0
DISKBUSY,T0751,0.4,0.4,0.0
DISKBUSY,T0752,1.0,1.0,0.0
DISKBUSY,T0753,0.4,0.4,0.0
DISKBUSY,T0754,1.2,1.2,0.0
DISKBUSY,T0755,0.4,0.4,0.0
DISKBUSY,T0756,1.0,1.2,0.0
DISKBUSY,T0757,0.6,0.6,0.0
DISKBUSY,T0758,0.8,0.8,0.0
DISKBUSY,T0759,0.4,0.2,0.0
DISKBUSY,T0760,1.0,1.0,0.0
DISKBUSY,T0761,0.2,0.2,0.0
DISKBUSY,T0762,1.2,1.2,0.0
DISKBUSY,T0763,0.2,0.2,0.0
DISKBUSY,T0764,1.4,1.4,0.0
DISKBUSY,T0765,0.2,0.2,0.0
DISKBUSY,T0766,1.2,1.2,0.0
DISKBUSY,T0767,0.2,0.2,0.0
DISKBUSY,T0768,1.2,1.4,0.0
DISKBUSY,T0769,0.2,0.0,0.0
DISKBUSY,T0770,1.4,1.6,0.0
DISKBUSY,T0771,0.2,0.0,0.0
DISKBUSY,T0772,1.0,1.2,0.0
DISKBUSY,T0773,0.4,0.2,0.0
DISKBUSY,T0774,1.2,1.2,0.0
DISKBUSY,T0775,0.4,0.4,0.0
DISKBUSY,T0776,1.4,1.4,0.0
DISKBUSY,T0777,0.2,0.4,0.0
DISKBUSY,T0778,1.2,1.0,0.0
DISKBUSY,T0779,0.4,0.4,0.0
DISKBUSY,T0780,1.0,1.0,0.0
DISKBUSY,T0781,0.4,0.4,0.0
DISKBUSY,T0782,1.2,1.2,0.0
DISKBUSY,T0783,0.0,0.2,0.0
DISKBUSY,T0784,1.4,1.2,0.0
DISKBUSY,T0785,0.2,0.2,0.0
DISKBUSY,T0786,1.8,2.0,0.0
DISKBUSY,T0787,0.2,0.0,0.0
DISKBUSY,T0788,1.2,1.2,0.0
DISKBUSY,T0789,0.0,0.0,0.0
DISKBUSY,T0790,1.2,1.2,0.0
DISKBUSY,T0791,0.2,0.2,0.0
DISKBUSY,T0792,1.4,1.6,0.0
DISKBUSY,T0793,0.2,0.0,0.0
DISKBUSY,T0794,1.0,1.2,0.0
DISKBUSY,T0795,0.2,0.0,0.0
DISKBUSY,T0796,1.0,1.0,0.0
DISKBUSY,T0797,0.6,0.6,0.0
DISKBUSY,T0798,1.6,1.6,0.0
DISKBUSY,T0799,0.2,0.4,0.0
DISKBUSY,T0800,1.0,0.8,0.0
DISKBUSY,T0801,0.6,0.8,0.0
DISKBUSY,T0802,1.0,0.8,0.0
DISKBUSY,T0803,0.4,0.6,0.0
DISKBUSY,T0804,1.4,1.4,0.0
DISKBUSY,T0805,0.6,0.4,0.0
DISKBUSY,T0806,1.0,1.0,0.0
DISKBUSY,T0807,0.2,0.2,0.0
DISKBUSY,T0808,1.0,1.0,0.0
DISKBUSY,T0809,0.2,0.2,0.0
DISKBUSY,T0810,1.4,1.4,0.0
DISKBUSY,T0811,0.2,0.2,0.0
DISKBUSY,T0812,1.4,1.4,0.0
DISKBUSY,T0813,0.2,0.2,0.0
DISKBUSY,T0814,1.6,1.6,0.0
DISKBUSY,T0815,0.0,0.0,0.0
DISKBUSY,T0816,1.4,1.4,0.0
DISKBUSY,T0817,0.2,0.2,0.0
DISKBUSY,T0818,1.2,1.2,0.0
DISKBUSY,T0819,0.0,0.2,0.0
DISKBUSY,T0820,1.0,0.8,0.0
DISKBUSY,T0821,0.2,0.4,0.0
DISKBUSY,T0822,1.4,1.2,0.0
DISKBUSY,T0823,0.2,0.2,0.0
DISKBUSY,T0824,1.2,1.2,0.0
DISKBUSY,T0825,0.4,0.4,0.0
DISKBUSY,T0826,1.0,1.2,0.0
DISKBUSY,T0827,0.4,0.2,0.0
DISKBUSY,T0828,1.2,1.4,0.0
DISKBUSY,T0829,0.8,0.6,0.0
DISKBUSY,T0830,1.0,1.0,0.0
DISKBUSY,T0831,0.2,0.2,0.0
DISKBUSY,T0832,1.2,1.2,0.0
DISKBUSY,T0833,0.0,0.2,0.0
DISKBUSY,T0834,1.6,1.4,0.0
DISKBUSY,T0835,0.0,0.0,0.0
DISKBUSY,T0836,1.6,1.6,0.0
DISKBUSY,T0837,0.2,0.2,0.0
DISKBUSY,T0838,1.2,1.2,0.0
DISKBUSY,T0839,0.0,0.2,0.0
DISKBUSY,T0840,1.6,1.4,0.0
DISKBUSY,T0841,0.0,0.0,0.0
DISKBUSY,T0842,1.0,1.0,0.0
DISKBUSY,T0843,0.2,0.2,0.0
DISKBUSY,T0844,1.2,1.2,0.0
DISKBUSY,T0845,2.4,2.4,0.0
DISKBUSY,T0846,1.4,1.2,0.0
DISKBUSY,T0847,0.4,0.4,0.0
DISKBUSY,T0848,0.8,1.0,0.0
DISKBUSY,T0849,0.6,0.4,0.0
DISKBUSY,T0850,1.2,1.2,0.0
DISKBUSY,T0851,0.4,0.4,0.0
DISKBUSY,T0852,1.0,1.2,0.0
DISKBUSY,T0853,0.2,0.0,0.0
DISKBUSY,T0854,1.2,1.2,0.0
DISKBUSY,T0855,0.2,0.2,0.0
DISKBUSY,T0856,1.2,1.2,0.0
DISKBUSY,T0857,0.0,0.2,0.0
DISKBUSY,T0858,1.8,1.6,0.0
DISKBUSY,T0859,0.0,0.2,0.0
DISKBUSY,T0860,1.4,1.2,0.0
DISKBUSY,T0861,0.2,0.4,0.0
DISKBUSY,T0862,1.4,1.2,0.0
DISKBUSY,T0863,0.0,0.2,0.0
DISKBUSY,T0864,1.2,1.0,0.0
DISKBUSY,T0865,0.2,0.4,0.0
DISKBUSY,T0866,1.2,1.2,0.0
DISKBUSY,T0867,0.4,0.2,0.0
DISKBUSY,T0868,1.0,1.0,0.0
DISKBUSY,T0869,0.4,0.4,0.0
DISKBUSY,T0870,0.8,1.0,0.0
DISKBUSY,T0871,0.4,0.2,0.0
DISKBUSY,T0872,0.8,1.0,0.0
DISKBUSY,T0873,0.8,0.8,0.0
DISKBUSY,T0874,1.2,1.0,0.0
DISKBUSY,T0875,0.0,0.2,0.0
DISKBUSY,T0876,1.6,1.6,0.0
DISKBUSY,T0877,0.2,0.0,0.0
DISKBUSY,T0878,1.2,1.4,0.0
DISKBUSY,T0879,0.2,0.0,0.0
DISKBUSY,T0880,1.6,1.8,0.0
DISKBUSY,T0881,0.2,0.0,0.0
DISKBUSY,T0882,1.4,1.6,0.0
DISKBUSY,T0883,0.2,0.0,0.0
DISKBUSY,T0884,1.2,1.2,0.0
DISKBUSY,T0885,0.0,0.0,0.0
DISKBUSY,T0886,1.0,1.2,0.0
DISKBUSY,T0887,0.6,0.4,0.0
DISKBUSY,T0888,1.2,1.2,0.0
DISKBUSY,T0889,0.4,0.6,0.0
DISKBUSY,T0890,1.6,1.4,0.0
DISKBUSY,T0891,0.4,0.4,0.0
DISKBUSY,T0892,1.0,1.2,0.0
DISKBUSY,T0893,0.4,0.4,0.0
DISKBUSY,T0894,1.2,1.0,0.0
DISKBUSY,T0895,0.4,0.4,0.0
DISKBUSY,T0896,1.0,1.0,0.0
DISKBUSY,T0897,0.2,0.2,0.0
DISKBUSY,T0898,1.2,1.2,0.0
DISKBUSY,T0899,0.0,0.2,0.0
DISKBUSY,T0900,1.6,1.4,0.0
DISKBUSY,T0901,0.2,0.2,0.0
DISKBUSY,T0902,1.2,1.4,0.0
DISKBUSY,T0903,0.2,0.2,0.0
DISKBUSY,T0904,1.4,1.2,0.0
DISKBUSY,T0905,0.0,0.2,0.0
DISKBUSY,T0906,1.8,1.6,0.0
DISKBUSY,T0907,0.4,0.4,0.0
DISKBUSY,T0908,0.8,1.0,0.0
DISKBUSY,T0909,0.6,0.6,0.0
DISKBUSY,T0910,1.0,1.0,0.0
DISKBUSY,T0911,1.0,0.8,0.0
DISKBUSY,T0912,0.8,0.8,0.0
DISKBUSY,T0913,0.5,0.7,0.0
DISKBUSY,T0914,1.2,1.0,0.0
DISKBUSY,T0915,0.6,0.6,0.0
DISKBUSY,T0916,0.8,0.8,0.0
DISKBUSY,T0917,0.0,0.2,0.0
DISKBUSY,T0918,1.8,1.8,0.0
DISKBUSY,T0919,0.2,0.0,0.0
DISKBUSY,T0920,1.2,1.2,0.0
DISKBUSY,T0921,0.2,0.2,0.0
DISKBUSY,T0922,1.2,1.4,0.0
DISKBUSY,T0923,0.2,0.0,0.0
DISKBUSY,T0924,1.0,1.0,0.0
DISKBUSY,T0925,0.2,0.2,0.0
DISKBUSY,T0926,1.2,1.4,0.0
DISKBUSY,T0927,0.2,0.0,0.0
DISKBUSY,T0928,0.8,1.0,0.0
DISKBUSY,T0929,0.4,0.2,0.0
DISKBUSY,T0930,1.0,1.2,0.0
DISKBUSY,T0931,0.4,0.2,0.0
DISKBUSY,T0932,1.0,1.2,0.0
DISKBUSY,T0933,0.4,0.2,0.0
DISKBUSY,T0934,1.0,1.0,0.0
DISKBUSY,T0935,0.4,0.6,0.0
DISKBUSY,T0936,1.2,1.0,0.0
DISKBUSY,T0937,0.4,0.6,0.0
DISKBUSY,T0938,1.0,1.0,0.0
DISKBUSY,T0939,0.2,0.0,0.0
DISKBUSY,T0940,1.2,1.2,0.0
DISKBUSY,T0941,0.0,0.2,0.0
DISKBUSY,T0942,1.6,1.6,0.0
DISKBUSY,T0943,0.2,0.2,0.0
DISKBUSY,T0944,1.4,1.4,0.0
DISKBUSY,T0945,0.2,0.0,0.0
DISKBUSY,T0946,1.2,1.2,0.0
DISKBUSY,T0947,0.0,0.0,0.0
DISKBUSY,T0948,1.2,1.2,0.0
DISKBUSY,T0949,0.2,0.2,0.0
DISKBUSY,T0950,1.0,1.0,0.0
DISKBUSY,T0951,0.4,0.4,0.0
DISKBUSY,T0952,0.8,1.0,0.0
DISKBUSY,T0953,0.4,0.4,0.0
DISKBUSY,T0954,1.4,1.2,0.0
DISKBUSY,T0955,0.2,0.2,0.0
DISKBUSY,T0956,1.2,1.2,0.0
DISKBUSY,T0957,0.4,0.6,0.0
DISKBUSY,T0958,1.0,0.8,0.0
DISKBUSY,T0959,0.4,0.4,0.0
DISKBUSY,T0960,0.8,1.0,0.0
DISKBUSY,T0961,0.2,0.0,0.0
DISKBUSY,T0962,1.2,1.2,0.0
DISKBUSY,T0963,0.2,0.2,0.0
DISKBUSY,T0964,1.2,1.2,0.0
DISKBUSY,T0965,0.2,0.2,0.0
DISKBUSY,T0966,1.6,1.8,0.0
DISKBUSY,T0967,0.2,0.0,0.0
DISKBUSY,T0968,1.2,1.2,0.0
DISKBUSY,T0969,0.0,0.0,0.0
DISKBUSY,T0970,1.4,1.6,0.0
DISKBUSY,T0971,0.2,0.0,0.0
DISKBUSY,T0972,1.4,1.6,0.0
DISKBUSY,T0973,0.2,0.0,0.0
DISKBUSY,T0974,1.0,1.2,0.0
DISKBUSY,T0975,0.4,0.2,0.0
DISKBUSY,T0976,1.0,1.2,0.0
DISKBUSY,T0977,0.4,0.2,0.0
DISKBUSY,T0978,1.4,1.4,0.0
DISKBUSY,T0979,0.4,0.4,0.0
DISKBUSY,T0980,1.0,1.0,0.0
DISKBUSY,T0981,0.2,0.4,0.0
DISKBUSY,T0982,1.0,0.8,0.0
DISKBUSY,T0983,0.4,0.4,0.0
DISKBUSY,T0984,1.4,1.4,0.0
DISKBUSY,T0985,0.2,0.2,0.0
DISKBUSY,T0986,1.0,1.2,0.0
DISKBUSY,T0987,0.2,0.0,0.0
DISKBUSY,T0988,1.2,1.4,0.0
DISKBUSY,T0989,0.2,0.0,0.0
DISKBUSY,T0990,1.4,1.4,0.0
DISKBUSY,T0991,0.0,0.2,0.0
DISKBUSY,T0992,1.8,1.8,0.0
DISKBUSY,T0993,0.8,0.8,0.0
DISKBUSY,T0994,1.2,1.2,0.0
DISKBUSY,T0995,0.0,0.0,0.0
DISKBUSY,T0996,1.6,1.4,0.0
DISKBUSY,T0997,0.2,0.2,0.0
DISKBUSY,T0998,2.4,2.4,0.0
DISKBUSY,T0999,0.4,0.4,0.0
DISKBUSY,T1000,1.2,1.2,0.0
