NETPACKET,Network Packets VM-12-13-centos,eth0-read/s,lo-read/s,eth0-write/s,lo-write/s
NETPACKET,T0001,5.1,0.0,5.1,0.0
NETPACKET,T0002,6.8,0.0,6.4,0.0
NETPACKET,T0003,3.0,0.0,3.0,0.0
NETPACKET,T0004,4.8,0.0,5.0,0.0
NETPACKET,T0005,2.2,0.0,2.0,0.0
NETPACKET,T0006,4.6,0.0,4.6,0.0
NETPACKET,T0007,2.4,0.0,2.4,0.0
NETPACKET,T0008,9.0,0.0,9.0,0.0
NETPACKET,T0009,5.6,0.0,5.6,0.0
NETPACKET,T0010,4.6,0.0,4.8,0.0
NETPACKET,T0011,2.4,0.0,2.4,0.0
NETPACKET,T0012,4.6,0.0,4.6,0.0
NETPACKET,T0013,2.0,0.0,2.0,0.0
NETPACKET,T0014,4.4,0.0,4.4,0.0
NETPACKET,T0015,3.4,0.0,3.4,0.0
NETPACKET,T0016,4.4,0.0,4.4,0.0
NETPACKET,T0017,2.4,0.0,2.6,0.0
NETPACKET,T0018,4.4,0.0,4.4,0.0
NETPACKET,T0019,2.2,0.0,2.2,0.0
NETPACKET,T0020,9.0,0.0,8.8,0.0
NETPACKET,T0021,7.8,0.0,8.4,0.0
NETPACKET,T0022,4.2,0.0,4.2,0.0
NETPACKET,T0023,3.0,0.0,3.2,0.0
NETPACKET,T0024,4.4,0.0,4.4,0.0
NETPACKET,T0025,2.0,0.0,2.0,0.0
NETPACKET,T0026,4.8,0.0,4.8,0.0
NETPACKET,T0027,3.0,0.0,3.0,0.0
NETPACKET,T0028,5.0,0.0,5.4,0.0
NETPACKET,T0029,3.0,0.0,3.0,0.0
NETPACKET,T0030,5.0,0.0,5.0,0.0
NETPACKET,T0031,2.2,0.0,2.4,0.0
NETPACKET,T0032,9.0,0.0,9.0,0.0
NETPACKET,T0033,7.0,0.0,7.4,0.0
NETPACKET,T0034,4.4,0.0,4.2,0.0
NETPACKET,T0035,3.8,0.0,3.8,0.0
NETPACKET,T0036,5.0,0.0,5.0,0.0
NETPACKET,T0037,2.0,0.0,2.0,0.0
NETPACKET,T0038,6.2,0.0,6.4,0.0
NETPACKET,T0039,4.0,0.0,4.0,0.0
NETPACKET,T0040,4.6,0.0,4.6,0.0
NETPACKET,T0041,2.2,0.0,2.4,0.0
NETPACKET,T0042,4.6,0.0,4.6,0.0
NETPACKET,T0043,2.2,0.0,2.2,0.0
NETPACKET,T0044,8.6,0.0,8.6,0.0
NETPACKET,T0045,6.4,0.0,6.6,0.0
NETPACKET,T0046,4.2,0.0,4.2,0.0
NETPACKET,T0047,2.0,0.0,2.2,0.0
NETPACKET,T0048,5.2,0.0,5.2,0.0
NETPACKET,T0049,2.0,0.0,2.0,0.0
NETPACKET,T0050,4.6,0.0,4.6,0.0
NETPACKET,T0051,3.2,0.0,3.2,0.0
NETPACKET,T0052,4.2,0.0,4.2,0.0
NETPACKET,T0053,2.0,0.0,2.0,0.0
NETPACKET,T0054,5.0,0.0,5.2,0.0
NETPACKET,T0055,2.4,0.0,2.4,0.0
NETPACKET,T0056,8.6,0.0,8.6,0.0
NETPACKET,T0057,5.6,0.0,5.8,0.0
NETPACKET,T0058,4.4,0.0,4.4,0.0
NETPACKET,T0059,2.4,0.0,2.4,0.0
NETPACKET,T0060,5.0,0.0,5.2,0.0
NETPACKET,T0061,2.0,0.0,2.0,0.0
NETPACKET,T0062,4.4,0.0,4.2,0.0
NETPACKET,T0063,3.2,0.0,3.2,0.0
NETPACKET,T0064,4.8,0.0,4.8,0.0
NETPACKET,T0065,2.2,0.0,2.2,0.0
NETPACKET,T0066,5.0,0.0,5.2,0.0
NETPACKET,T0067,2.2,0.0,2.2,0.0
NETPACKET,T0068,8.6,0.0,8.8,0.0
NETPACKET,T0069,5.8,0.0,6.0,0.0
NETPACKET,T0070,4.4,0.0,4.4,0.0
NETPACKET,T0071,2.0,0.0,2.2,0.0
NETPACKET,T0072,4.8,0.0,5.0,0.0
NETPACKET,T0073,4.0,0.0,3.6,0.0
NETPACKET,T0074,5.8,0.0,5.6,0.0
NETPACKET,T0075,3.6,0.0,3.2,0.0
NETPACKET,T0076,4.4,0.0,4.2,0.0
NETPACKET,T0077,2.2,0.0,2.2,0.0
NETPACKET,T0078,4.8,0.0,4.8,0.0
NETPACKET,T0079,2.4,0.0,2.6,0.0
NETPACKET,T0080,9.0,0.0,9.0,0.0
NETPACKET,T0081,5.4,0.0,5.4,0.0
NETPACKET,T0082,4.2,0.0,4.2,0.0
NETPACKET,T0083,2.4,0.0,2.4,0.0
NETPACKET,T0084,4.6,0.0,4.6,0.0
NETPACKET,T0085,2.4,0.0,2.4,0.0
NETPACKET,T0086,4.6,0.0,4.6,0.0
NETPACKET,T0087,5.8,0.0,6.0,0.0
NETPACKET,T0088,6.0,0.0,5.8,0.0
NETPACKET,T0089,2.6,0.0,2.4,0.0
NETPACKET,T0090,5.8,0.0,6.2,0.0
NETPACKET,T0091,2.6,0.0,2.6,0.0
NETPACKET,T0092,8.6,0.0,8.8,0.0
NETPACKET,T0093,6.2,0.0,6.0,0.0
NETPACKET,T0094,6.4,0.0,6.8,0.0
NETPACKET,T0095,3.4,0.0,3.6,0.0
NETPACKET,T0096,4.8,0.0,4.8,0.0
NETPACKET,T0097,2.4,0.0,2.6,0.0
NETPACKET,T0098,4.6,0.0,4.8,0.0
NETPACKET,T0099,3.2,0.0,3.2,0.0
NETPACKET,T0100,6.8,0.0,7.4,0.0
NETPACKET,T0101,2.4,0.0,2.6,0.0
NETPACKET,T0102,5.0,0.0,5.0,0.0
NETPACKET,T0103,2.2,0.0,2.4,0.0
NETPACKET,T0104,8.8,0.0,8.8,0.0
NETPACKET,T0105,6.0,0.0,5.8,0.0
NETPACKET,T0106,4.0,0.0,4.0,0.0
NETPACKET,T0107,2.4,0.0,2.4,0.0
NETPACKET,T0108,4.8,0.0,4.8,0.0
NETPACKET,T0109,2.0,0.0,2.0,0.0
NETPACKET,T0110,4.8,0.0,4.8,0.0
NETPACKET,T0111,3.2,0.0,3.2,0.0
NETPACKET,T0112,4.2,0.0,4.2,0.0
NETPACKET,T0113,2.2,0.0,2.2,0.0
NETPACKET,T0114,4.8,0.0,4.8,0.0
NETPACKET,T0115,2.0,0.0,2.0,0.0
NETPACKET,T0116,9.2,0.0,9.2,0.0
NETPACKET,T0117,6.0,0.0,6.2,0.0
NETPACKET,T0118,4.4,0.0,4.4,0.0
NETPACKET,T0119,2.4,0.0,2.4,0.0
NETPACKET,T0120,4.4,0.0,4.4,0.0
NETPACKET,T0121,9.6,0.0,9.6,0.0
NETPACKET,T0122,5.2,0.0,5.4,0.0
NETPACKET,T0123,3.2,0.0,3.2,0.0
NETPACKET,T0124,4.2,0.0,4.2,0.0
NETPACKET,T0125,2.2,0.0,2.2,0.0
NETPACKET,T0126,4.6,0.0,4.6,0.0
NETPACKET,T0127,2.2,0.0,2.2,0.0
NETPACKET,T0128,9.8,0.0,10.0,0.0
NETPACKET,T0129,5.2,0.0,5.2,0.0
NETPACKET,T0130,4.4,0.0,4.4,0.0
NETPACKET,T0131,2.6,0.0,2.6,0.0
NETPACKET,T0132,4.4,0.0,4.4,0.0
NETPACKET,T0133,2.2,0.0,2.0,0.0
NETPACKET,T0134,5.4,0.0,5.4,0.0
NETPACKET,T0135,2.8,0.0,2.8,0.0
NETPACKET,T0136,4.6,0.0,4.6,0.0
NETPACKET,T0137,2.4,0.0,2.4,0.0
NETPACKET,T0138,4.4,0.0,4.4,0.0
NETPACKET,T0139,4.6,0.0,4.8,0.0
NETPACKET,T0140,9.2,0.0,9.4,0.0
NETPACKET,T0141,5.6,0.0,5.6,0.0
NETPACKET,T0142,4.6,0.0,4.6,0.0
NETPACKET,T0143,2.2,0.0,2.4,0.0
NETPACKET,T0144,4.2,0.0,4.2,0.0
NETPACKET,T0145,2.0,0.0,2.0,0.0
NETPACKET,T0146,4.8,0.0,4.8,0.0
NETPACKET,T0147,3.8,0.0,3.6,0.0
NETPACKET,T0148,4.4,0.0,4.4,0.0
NETPACKET,T0149,2.2,0.0,2.2,0.0
NETPACKET,T0150,4.8,0.0,5.0,0.0
NETPACKET,T0151,2.0,0.0,2.0,0.0
NETPACKET,T0152,10.0,0.0,10.6,0.0
NETPACKET,T0153,7.2,0.0,7.8,0.0
NETPACKET,T0154,4.4,0.0,4.4,0.0
NETPACKET,T0155,5.2,0.0,5.6,0.0
NETPACKET,T0156,4.6,0.0,4.6,0.0
NETPACKET,T0157,2.0,0.0,2.0,0.0
NETPACKET,T0158,4.4,0.0,4.4,0.0
NETPACKET,T0159,3.6,0.0,3.8,0.0
NETPACKET,T0160,4.8,0.0,4.8,0.0
NETPACKET,T0161,2.4,0.0,2.2,0.0
NETPACKET,T0162,4.6,0.0,4.8,0.0
NETPACKET,T0163,2.0,0.0,2.0,0.0
NETPACKET,T0164,8.8,0.0,8.8,0.0
NETPACKET,T0165,5.8,0.0,6.0,0.0
NETPACKET,T0166,4.6,0.0,4.6,0.0
NETPACKET,T0167,2.2,0.0,2.4,0.0
NETPACKET,T0168,4.6,0.0,4.6,0.0
NETPACKET,T0169,2.0,0.0,2.0,0.0
NETPACKET,T0170,4.4,0.0,4.4,0.0
NETPACKET,T0171,3.8,0.0,4.0,0.0
NETPACKET,T0172,4.6,0.0,4.6,0.0
NETPACKET,T0173,2.2,0.0,2.2,0.0
NETPACKET,T0174,4.8,0.0,4.8,0.0
NETPACKET,T0175,2.4,0.0,2.4,0.0
NETPACKET,T0176,9.0,0.0,8.8,0.0
NETPACKET,T0177,5.4,0.0,5.4,0.0
NETPACKET,T0178,4.8,0.0,5.0,0.0
NETPACKET,T0179,2.0,0.0,2.0,0.0
NETPACKET,T0180,4.6,0.0,4.6,0.0
NETPACKET,T0181,2.4,0.0,2.8,0.0
NETPACKET,T0182,4.0,0.0,3.6,0.0
NETPACKET,T0183,4.4,0.0,4.4,0.0
NETPACKET,T0184,4.6,0.0,4.4,0.0
NETPACKET,T0185,3.2,0.0,3.2,0.0
NETPACKET,T0186,10.2,0.0,9.8,0.0
NETPACKET,T0187,5.4,0.0,4.6,0.0
NETPACKET,T0188,422.7,0.0,113.7,0.0
NETPACKET,T0189,13.8,0.0,10.4,0.0
NETPACKET,T0190,6.0,0.0,5.8,0.0
NETPACKET,T0191,3.0,0.0,3.2,0.0
NETPACKET,T0192,4.6,0.0,4.6,0.0
NETPACKET,T0193,1.6,0.0,1.8,0.0
NETPACKET,T0194,5.0,0.0,5.0,0.0
NETPACKET,T0195,3.6,0.0,3.6,0.0
NETPACKET,T0196,4.6,0.0,4.6,0.0
NETPACKET,T0197,2.2,0.0,2.2,0.0
NETPACKET,T0198,4.4,0.0,4.4,0.0
NETPACKET,T0199,2.2,0.0,2.2,0.0
NETPACKET,T0200,9.6,0.0,9.6,0.0
NETPACKET,T0201,5.4,0.0,5.4,0.0
NETPACKET,T0202,4.2,0.0,4.2,0.0
NETPACKET,T0203,3.0,0.0,3.0,0.0
NETPACKET,T0204,4.8,0.0,4.6,0.0
NETPACKET,T0205,2.0,0.0,2.0,0.0
NETPACKET,T0206,4.4,0.0,4.4,0.0
NETPACKET,T0207,3.2,0.0,3.2,0.0
NETPACKET,T0208,4.2,0.0,4.2,0.0
NETPACKET,T0209,2.8,0.0,2.8,0.0
NETPACKET,T0210,5.0,0.0,5.2,0.0
NETPACKET,T0211,2.4,0.0,2.4,0.0
NETPACKET,T0212,8.6,0.0,8.6,0.0
NETPACKET,T0213,5.6,0.0,5.8,0.0
NETPACKET,T0214,4.4,0.0,4.4,0.0
NETPACKET,T0215,5.0,0.0,5.6,0.0
NETPACKET,T0216,6.0,0.0,6.4,0.0
NETPACKET,T0217,2.0,0.0,2.0,0.0
NETPACKET,T0218,5.0,0.0,4.8,0.0
NETPACKET,T0219,4.6,0.0,5.0,0.0
NETPACKET,T0220,7.4,0.0,7.6,0.0
NETPACKET,T0221,3.0,0.0,3.2,0.0
NETPACKET,T0222,4.6,0.0,4.6,0.0
NETPACKET,T0223,2.2,0.0,2.2,0.0
NETPACKET,T0224,8.8,0.0,8.8,0.0
NETPACKET,T0225,5.6,0.0,5.8,0.0
NETPACKET,T0226,4.2,0.0,4.2,0.0
NETPACKET,T0227,2.8,0.0,2.8,0.0
NETPACKET,T0228,4.6,0.0,4.6,0.0
NETPACKET,T0229,2.0,0.0,2.0,0.0
NETPACKET,T0230,4.6,0.0,4.6,0.0
NETPACKET,T0231,3.4,0.0,3.4,0.0
NETPACKET,T0232,4.6,0.0,4.4,0.0
NETPACKET,T0233,3.4,0.0,3.4,0.0
NETPACKET,T0234,5.2,0.0,5.2,0.0
NETPACKET,T0235,2.2,0.0,2.2,0.0
NETPACKET,T0236,8.8,0.0,9.0,0.0
NETPACKET,T0237,5.6,0.0,5.6,0.0
NETPACKET,T0238,4.2,0.0,4.2,0.0
NETPACKET,T0239,2.4,0.0,2.6,0.0
NETPACKET,T0240,5.2,0.0,5.2,0.0
NETPACKET,T0241,1.8,0.0,1.8,0.0
NETPACKET,T0242,4.8,0.0,4.8,0.0
NETPACKET,T0243,3.4,0.0,3.4,0.0
NETPACKET,T0244,7.0,0.0,6.6,0.0
NETPACKET,T0245,2.2,0.0,2.2,0.0
NETPACKET,T0246,5.4,0.0,5.4,0.0
NETPACKET,T0247,2.2,0.0,2.0,0.0
NETPACKET,T0248,8.8,0.0,9.0,0.0
NETPACKET,T0249,5.8,0.0,5.8,0.0
NETPACKET,T0250,4.2,0.0,4.2,0.0
NETPACKET,T0251,2.0,0.0,2.0,0.0
NETPACKET,T0252,5.4,0.0,5.4,0.0
NETPACKET,T0253,2.0,0.0,2.0,0.0
NETPACKET,T0254,4.2,0.0,4.2,0.0
NETPACKET,T0255,3.4,0.0,3.4,0.0
NETPACKET,T0256,4.2,0.0,4.2,0.0
NETPACKET,T0257,2.0,0.0,2.0,0.0
NETPACKET,T0258,5.4,0.0,5.4,0.0
NETPACKET,T0259,2.2,0.0,2.2,0.0
NETPACKET,T0260,8.6,0.0,8.6,0.0
NETPACKET,T0261,6.2,0.0,6.0,0.0
NETPACKET,T0262,4.4,0.0,4.4,0.0
NETPACKET,T0263,2.2,0.0,2.4,0.0
NETPACKET,T0264,4.4,0.0,4.4,0.0
NETPACKET,T0265,2.6,0.0,2.6,0.0
NETPACKET,T0266,4.6,0.0,4.6,0.0
NETPACKET,T0267,3.0,0.0,3.2,0.0
NETPACKET,T0268,4.6,0.0,4.6,0.0
NETPACKET,T0269,2.0,0.0,2.0,0.0
NETPACKET,T0270,4.4,0.0,4.4,0.0
NETPACKET,T0271,3.4,0.0,3.6,0.0
NETPACKET,T0272,8.8,0.0,8.8,0.0
NETPACKET,T0273,5.6,0.0,5.6,0.0
NETPACKET,T0274,4.6,0.0,4.6,0.0
NETPACKET,T0275,3.6,0.0,3.6,0.0
NETPACKET,T0276,6.4,0.0,6.8,0.0
NETPACKET,T0277,3.4,0.0,3.8,0.0
NETPACKET,T0278,4.6,0.0,4.6,0.0
NETPACKET,T0279,3.0,0.0,3.0,0.0
NETPACKET,T0280,4.4,0.0,4.4,0.0
NETPACKET,T0281,2.0,0.0,2.0,0.0
NETPACKET,T0282,4.8,0.0,4.8,0.0
NETPACKET,T0283,2.8,0.0,3.0,0.0
NETPACKET,T0284,8.8,0.0,9.0,0.0
NETPACKET,T0285,7.2,0.0,7.6,0.0
NETPACKET,T0286,4.4,0.0,4.4,0.0
NETPACKET,T0287,2.4,0.0,2.6,0.0
NETPACKET,T0288,4.4,0.0,4.4,0.0
NETPACKET,T0289,2.4,0.0,2.4,0.0
NETPACKET,T0290,4.6,0.0,4.6,0.0
NETPACKET,T0291,3.2,0.0,3.2,0.0
NETPACKET,T0292,4.4,0.0,4.4,0.0
NETPACKET,T0293,2.2,0.0,2.2,0.0
NETPACKET,T0294,4.4,0.0,4.4,0.0
NETPACKET,T0295,2.4,0.0,2.4,0.0
NETPACKET,T0296,9.4,0.0,9.4,0.0
NETPACKET,T0297,5.8,0.0,5.8,0.0
NETPACKET,T0298,4.2,0.0,4.2,0.0
NETPACKET,T0299,2.0,0.0,2.0,0.0
NETPACKET,T0300,4.8,0.0,4.8,0.0
NETPACKET,T0301,1.8,0.0,1.8,0.0
NETPACKET,T0302,5.2,0.0,5.2,0.0
NETPACKET,T0303,3.4,0.0,3.4,0.0
NETPACKET,T0304,4.4,0.0,4.6,0.0
NETPACKET,T0305,2.0,0.0,2.0,0.0
NETPACKET,T0306,4.6,0.0,4.6,0.0
NETPACKET,T0307,2.4,0.0,2.4,0.0
NETPACKET,T0308,8.8,0.0,9.0,0.0
NETPACKET,T0309,6.0,0.0,6.2,0.0
NETPACKET,T0310,4.4,0.0,4.4,0.0
NETPACKET,T0311,2.2,0.0,2.4,0.0
NETPACKET,T0312,4.8,0.0,4.8,0.0
NETPACKET,T0313,1.8,0.0,1.8,0.0
NETPACKET,T0314,5.0,0.0,5.0,0.0
NETPACKET,T0315,3.4,0.0,3.4,0.0
NETPACKET,T0316,4.4,0.0,4.4,0.0
NETPACKET,T0317,2.0,0.0,2.0,0.0
NETPACKET,T0318,4.8,0.0,4.6,0.0
NETPACKET,T0319,2.2,0.0,2.2,0.0
NETPACKET,T0320,9.4,0.0,9.4,0.0
NETPACKET,T0321,5.8,0.0,6.2,0.0
NETPACKET,T0322,4.4,0.0,4.6,0.0
NETPACKET,T0323,2.0,0.0,2.0,0.0
NETPACKET,T0324,6.8,0.0,7.0,0.0
NETPACKET,T0325,3.0,0.0,2.8,0.0
NETPACKET,T0326,5.2,0.0,5.2,0.0
NETPACKET,T0327,3.0,0.0,3.0,0.0
NETPACKET,T0328,4.4,0.0,4.4,0.0
NETPACKET,T0329,2.2,0.0,2.2,0.0
NETPACKET,T0330,4.4,0.0,4.4,0.0
NETPACKET,T0331,2.6,0.0,2.8,0.0
NETPACKET,T0332,9.6,0.0,9.4,0.0
NETPACKET,T0333,6.4,0.0,6.6,0.0
NETPACKET,T0334,4.6,0.0,4.6,0.0
NETPACKET,T0335,3.4,0.0,3.6,0.0
NETPACKET,T0336,4.6,0.0,4.6,0.0
NETPACKET,T0337,3.6,0.0,4.0,0.0
NETPACKET,T0338,4.4,0.0,4.4,0.0
NETPACKET,T0339,4.6,0.0,5.0,0.0
NETPACKET,T0340,7.6,0.0,8.2,0.0
NETPACKET,T0341,2.2,0.0,2.2,0.0
NETPACKET,T0342,4.4,0.0,4.4,0.0
NETPACKET,T0343,2.0,0.0,2.0,0.0
NETPACKET,T0344,9.0,0.0,9.0,0.0
NETPACKET,T0345,6.4,0.0,6.6,0.0
NETPACKET,T0346,4.4,0.0,4.2,0.0
NETPACKET,T0347,2.4,0.0,2.4,0.0
NETPACKET,T0348,4.6,0.0,4.6,0.0
NETPACKET,T0349,1.8,0.0,1.8,0.0
NETPACKET,T0350,4.8,0.0,4.8,0.0
NETPACKET,T0351,5.2,0.0,5.6,0.0
NETPACKET,T0352,4.2,0.0,4.2,0.0
NETPACKET,T0353,2.4,0.0,2.4,0.0
NETPACKET,T0354,4.4,0.0,4.4,0.0
NETPACKET,T0355,2.6,0.0,2.4,0.0
NETPACKET,T0356,9.0,0.0,9.0,0.0
NETPACKET,T0357,5.8,0.0,6.0,0.0
NETPACKET,T0358,4.6,0.0,4.6,0.0
NETPACKET,T0359,2.2,0.0,2.4,0.0
NETPACKET,T0360,4.6,0.0,4.4,0.0
NETPACKET,T0361,2.6,0.0,2.8,0.0
NETPACKET,T0362,4.4,0.0,4.0,0.0
NETPACKET,T0363,4.2,0.0,4.2,0.0
NETPACKET,T0364,3.6,0.0,3.8,0.0
NETPACKET,T0365,3.6,0.0,3.6,0.0
NETPACKET,T0366,3.0,0.0,3.0,0.0
NETPACKET,T0367,3.4,0.0,3.4,0.0
NETPACKET,T0368,7.6,0.0,7.6,0.0
NETPACKET,T0369,7.0,0.0,7.0,0.0
NETPACKET,T0370,4.2,0.0,4.5,0.0
NETPACKET,T0371,2.0,0.0,2.0,0.0
NETPACKET,T0372,4.6,0.0,4.6,0.0
NETPACKET,T0373,2.2,0.0,2.2,0.0
NETPACKET,T0374,4.4,0.0,4.4,0.0
NETPACKET,T0375,3.6,0.0,3.4,0.0
NETPACKET,T0376,4.6,0.0,4.8,0.0
NETPACKET,T0377,1.8,0.0,1.8,0.0
NETPACKET,T0378,4.8,0.0,4.8,0.0
NETPACKET,T0379,2.4,0.0,2.4,0.0
NETPACKET,T0380,8.4,0.0,8.6,0.0
NETPACKET,T0381,6.0,0.0,6.2,0.0
NETPACKET,T0382,5.0,0.0,5.2,0.0
NETPACKET,T0383,2.2,0.0,2.4,0.0
NETPACKET,T0384,4.8,0.0,4.8,0.0
NETPACKET,T0385,1.8,0.0,1.8,0.0
NETPACKET,T0386,4.4,0.0,4.4,0.0
NETPACKET,T0387,3.4,0.0,3.4,0.0
NETPACKET,T0388,4.6,0.0,4.4,0.0
NETPACKET,T0389,3.2,0.0,3.0,0.0
NETPACKET,T0390,4.8,0.0,4.8,0.0
NETPACKET,T0391,2.0,0.0,2.2,0.0
NETPACKET,T0392,8.8,0.0,8.8,0.0
NETPACKET,T0393,5.8,0.0,6.0,0.0
NETPACKET,T0394,4.4,0.0,4.4,0.0
NETPACKET,T0395,3.8,0.0,3.8,0.0
NETPACKET,T0396,5.0,0.0,5.0,0.0
NETPACKET,T0397,2.0,0.0,2.0,0.0
NETPACKET,T0398,6.0,0.0,6.4,0.0
NETPACKET,T0399,3.4,0.0,3.4,0.0
NETPACKET,T0400,4.0,0.0,4.0,0.0
NETPACKET,T0401,3.4,0.0,3.8,0.0
NETPACKET,T0402,4.8,0.0,4.8,0.0
NETPACKET,T0403,2.4,0.0,2.2,0.0
NETPACKET,T0404,8.6,0.0,8.6,0.0
NETPACKET,T0405,6.0,0.0,6.2,0.0
NETPACKET,T0406,4.2,0.0,4.2,0.0
NETPACKET,T0407,2.8,0.0,3.0,0.0
NETPACKET,T0408,4.8,0.0,4.8,0.0
NETPACKET,T0409,1.6,0.0,1.6,0.0
NETPACKET,T0410,4.6,0.0,4.6,0.0
NETPACKET,T0411,3.2,0.0,3.2,0.0
NETPACKET,T0412,4.2,0.0,4.2,0.0
NETPACKET,T0413,3.0,0.0,3.0,0.0
NETPACKET,T0414,4.4,0.0,4.4,0.0
NETPACKET,T0415,2.0,0.0,2.0,0.0
NETPACKET,T0416,10.6,0.0,10.2,0.0
NETPACKET,T0417,7.4,0.0,7.8,0.0
NETPACKET,T0418,4.4,0.0,4.4,0.0
NETPACKET,T0419,2.4,0.0,2.4,0.0
NETPACKET,T0420,5.0,0.0,5.0,0.0
NETPACKET,T0421,2.0,0.0,2.0,0.0
NETPACKET,T0422,4.4,0.0,4.4,0.0
NETPACKET,T0423,3.4,0.0,3.4,0.0
NETPACKET,T0424,4.2,0.0,4.2,0.0
NETPACKET,T0425,2.0,0.0,2.0,0.0
NETPACKET,T0426,5.4,0.0,5.4,0.0
NETPACKET,T0427,2.2,0.0,2.2,0.0
NETPACKET,T0428,8.6,0.0,8.6,0.0
NETPACKET,T0429,5.8,0.0,6.0,0.0
NETPACKET,T0430,4.2,0.0,4.2,0.0
NETPACKET,T0431,2.6,0.0,2.6,0.0
NETPACKET,T0432,5.0,0.0,5.2,0.0
NETPACKET,T0433,1.8,0.0,2.0,0.0
NETPACKET,T0434,4.6,0.0,4.6,0.0
NETPACKET,T0435,3.2,0.0,3.2,0.0
NETPACKET,T0436,4.2,0.0,4.4,0.0
NETPACKET,T0437,2.4,0.0,2.4,0.0
NETPACKET,T0438,4.8,0.0,5.0,0.0
NETPACKET,T0439,2.0,0.0,2.0,0.0
NETPACKET,T0440,9.0,0.0,9.0,0.0
NETPACKET,T0441,5.6,0.0,5.8,0.0
NETPACKET,T0442,4.6,0.0,4.6,0.0
NETPACKET,T0443,2.2,0.0,2.2,0.0
NETPACKET,T0444,4.8,0.0,4.8,0.0
NETPACKET,T0445,2.4,0.0,2.2,0.0
NETPACKET,T0446,4.6,0.0,4.6,0.0
NETPACKET,T0447,3.0,0.0,3.0,0.0
NETPACKET,T0448,4.4,0.0,4.4,0.0
NETPACKET,T0449,2.2,0.0,2.2,0.0
NETPACKET,T0450,5.0,0.0,5.2,0.0
NETPACKET,T0451,2.6,0.0,2.6,0.0
NETPACKET,T0452,8.8,0.0,8.8,0.0
NETPACKET,T0453,8.6,0.0,8.8,0.0
NETPACKET,T0454,7.4,0.0,7.2,0.0
NETPACKET,T0455,3.6,0.0,3.8,0.0
NETPACKET,T0456,4.6,0.0,4.6,0.0
NETPACKET,T0457,2.8,0.0,2.8,0.0
NETPACKET,T0458,6.0,0.0,6.4,0.0
NETPACKET,T0459,3.0,0.0,3.0,0.0
NETPACKET,T0460,8.6,0.0,8.0,0.0
NETPACKET,T0461,2.2,0.0,2.4,0.0
NETPACKET,T0462,4.8,0.0,4.8,0.0
NETPACKET,T0463,2.8,0.0,2.8,0.0
NETPACKET,T0464,9.6,0.0,10.0,0.0
NETPACKET,T0465,6.0,0.0,6.2,0.0
NETPACKET,T0466,4.6,0.0,4.6,0.0
NETPACKET,T0467,1.8,0.0,1.8,0.0
NETPACKET,T0468,4.6,0.0,4.6,0.0
NETPACKET,T0469,2.8,0.0,2.8,0.0
NETPACKET,T0470,4.2,0.0,4.2,0.0
NETPACKET,T0471,3.4,0.0,3.4,0.0
NETPACKET,T0472,4.4,0.0,4.4,0.0
NETPACKET,T0473,1.8,0.0,1.8,0.0
NETPACKET,T0474,5.2,0.0,5.0,0.0
NETPACKET,T0475,2.6,0.0,2.6,0.0
NETPACKET,T0476,8.4,0.0,8.4,0.0
NETPACKET,T0477,6.0,0.0,6.2,0.0
NETPACKET,T0478,4.4,0.0,4.6,0.0
NETPACKET,T0479,2.0,0.0,2.2,0.0
NETPACKET,T0480,4.6,0.0,4.6,0.0
NETPACKET,T0481,2.4,0.0,2.6,0.0
NETPACKET,T0482,4.4,0.0,4.4,0.0
NETPACKET,T0483,4.8,0.0,5.2,0.0
NETPACKET,T0484,4.4,0.0,4.4,0.0
NETPACKET,T0485,2.2,0.0,2.2,0.0
NETPACKET,T0486,5.2,0.0,5.2,0.0
NETPACKET,T0487,2.0,0.0,2.2,0.0
NETPACKET,T0488,9.4,0.0,9.4,0.0
NETPACKET,T0489,5.6,0.0,5.8,0.0
NETPACKET,T0490,4.4,0.0,4.4,0.0
NETPACKET,T0491,2.2,0.0,2.2,0.0
NETPACKET,T0492,4.6,0.0,4.6,0.0
NETPACKET,T0493,1.8,0.0,1.8,0.0
NETPACKET,T0494,5.0,0.0,5.2,0.0
NETPACKET,T0495,3.4,0.0,3.4,0.0
NETPACKET,T0496,4.0,0.0,4.0,0.0
NETPACKET,T0497,2.0,0.0,2.0,0.0
NETPACKET,T0498,5.0,0.0,5.0,0.0
NETPACKET,T0499,2.0,0.0,2.0,0.0
NETPACKET,T0500,9.2,0.0,9.4,0.0
NETPACKET,T0501,6.0,0.0,6.2,0.0
NETPACKET,T0502,4.2,0.0,4.0,0.0
NETPACKET,T0503,2.4,0.0,2.6,0.0
NETPACKET,T0504,4.6,0.0,4.6,0.0
NETPACKET,T0505,1.8,0.0,1.8,0.0
NETPACKET,T0506,5.0,0.0,5.2,0.0
NETPACKET,T0507,3.2,0.0,3.2,0.0
NETPACKET,T0508,4.2,0.0,4.4,0.0
NETPACKET,T0509,2.2,0.0,2.2,0.0
NETPACKET,T0510,5.0,0.0,5.4,0.0
NETPACKET,T0511,1.8,0.0,1.8,0.0
NETPACKET,T0512,9.6,0.0,9.6,0.0
NETPACKET,T0513,5.8,0.0,6.0,0.0
NETPACKET,T0514,4.2,0.0,4.2,0.0
NETPACKET,T0515,3.6,0.0,3.6,0.0
NETPACKET,T0516,5.0,0.0,4.8,0.0
NETPACKET,T0517,1.8,0.0,1.8,0.0
NETPACKET,T0518,4.6,0.0,4.6,0.0
NETPACKET,T0519,5.4,0.0,6.0,0.0
NETPACKET,T0520,4.2,0.0,4.2,0.0
NETPACKET,T0521,2.2,0.0,2.2,0.0
NETPACKET,T0522,4.8,0.0,4.8,0.0
NETPACKET,T0523,1.8,0.0,1.8,0.0
NETPACKET,T0524,8.8,0.0,8.8,0.0
NETPACKET,T0525,6.4,0.0,6.6,0.0
NETPACKET,T0526,5.0,0.0,5.4,0.0
NETPACKET,T0527,2.6,0.0,2.8,0.0
NETPACKET,T0528,4.4,0.0,4.4,0.0
NETPACKET,T0529,2.0,0.0,2.0,0.0
NETPACKET,T0530,4.6,0.0,4.8,0.0
NETPACKET,T0531,3.8,0.0,3.8,0.0
NETPACKET,T0532,4.4,0.0,4.2,0.0
NETPACKET,T0533,2.6,0.0,3.0,0.0
NETPACKET,T0534,4.4,0.0,4.0,0.0
NETPACKET,T0535,3.0,0.0,3.0,0.0
NETPACKET,T0536,7.6,0.0,7.6,0.0
NETPACKET,T0537,7.4,0.0,7.4,0.0
NETPACKET,T0538,3.2,0.0,3.2,0.0
NETPACKET,T0539,3.6,0.0,3.6,0.0
NETPACKET,T0540,3.0,0.0,3.0,0.0
NETPACKET,T0541,3.2,0.0,3.2,0.0
NETPACKET,T0542,3.6,0.0,3.6,0.0
NETPACKET,T0543,4.8,0.0,4.8,0.0
NETPACKET,T0544,3.2,0.0,3.2,0.0
NETPACKET,T0545,3.6,0.0,3.4,0.0
NETPACKET,T0546,3.4,0.0,3.4,0.0
NETPACKET,T0547,2.5,0.0,2.5,0.0
NETPACKET,T0548,8.4,0.0,8.4,0.0
NETPACKET,T0549,7.6,0.0,8.0,0.0
NETPACKET,T0550,5.0,0.0,5.0,0.0
NETPACKET,T0551,2.0,0.0,2.2,0.0
NETPACKET,T0552,7.2,0.0,7.2,0.0
NETPACKET,T0553,3.2,0.0,2.6,0.0
NETPACKET,T0554,4.2,0.0,4.2,0.0
NETPACKET,T0555,3.2,0.0,3.2,0.0
NETPACKET,T0556,5.2,0.0,5.2,0.0
NETPACKET,T0557,1.8,0.0,1.8,0.0
NETPACKET,T0558,4.8,0.0,4.8,0.0
NETPACKET,T0559,2.2,0.0,2.0,0.0
NETPACKET,T0560,8.8,0.0,8.8,0.0
NETPACKET,T0561,5.8,0.0,5.8,0.0
NETPACKET,T0562,5.0,0.0,5.0,0.0
NETPACKET,T0563,2.2,0.0,2.2,0.0
NETPACKET,T0564,4.8,0.0,4.8,0.0
NETPACKET,T0565,1.8,0.0,1.8,0.0
NETPACKET,T0566,4.4,0.0,4.4,0.0
NETPACKET,T0567,3.4,0.0,3.4,0.0
NETPACKET,T0568,5.0,0.0,5.0,0.0
NETPACKET,T0569,1.8,0.0,1.8,0.0
NETPACKET,T0570,4.6,0.0,4.6,0.0
NETPACKET,T0571,2.4,0.0,2.6,0.0
NETPACKET,T0572,8.6,0.0,8.6,0.0
NETPACKET,T0573,6.2,0.0,6.2,0.0
NETPACKET,T0574,4.4,0.0,4.4,0.0
NETPACKET,T0575,4.0,0.0,4.4,0.0
NETPACKET,T0576,5.0,0.0,5.0,0.0
NETPACKET,T0577,2.0,0.0,2.0,0.0
NETPACKET,T0578,4.4,0.0,4.6,0.0
NETPACKET,T0579,3.0,0.0,3.0,0.0
NETPACKET,T0580,9.0,0.0,9.6,0.0
NETPACKET,T0581,3.0,0.0,3.2,0.0
NETPACKET,T0582,4.8,0.0,4.8,0.0
NETPACKET,T0583,1.8,0.0,1.8,0.0
NETPACKET,T0584,9.0,0.0,9.0,0.0
NETPACKET,T0585,5.8,0.0,5.8,0.0
NETPACKET,T0586,4.2,0.0,4.2,0.0
NETPACKET,T0587,3.2,0.0,3.0,0.0
NETPACKET,T0588,6.8,0.0,6.8,0.0
NETPACKET,T0589,2.0,0.0,2.0,0.0
NETPACKET,T0590,4.8,0.0,4.8,0.0
NETPACKET,T0591,3.0,0.0,3.0,0.0
NETPACKET,T0592,4.4,0.0,4.4,0.0
NETPACKET,T0593,2.4,0.0,2.6,0.0
NETPACKET,T0594,4.6,0.0,4.6,0.0
NETPACKET,T0595,2.6,0.0,2.6,0.0
NETPACKET,T0596,8.6,0.0,8.6,0.0
NETPACKET,T0597,5.8,0.0,6.0,0.0
NETPACKET,T0598,4.2,0.0,4.4,0.0
NETPACKET,T0599,2.8,0.0,3.0,0.0
NETPACKET,T0600,4.8,0.0,4.8,0.0
NETPACKET,T0601,1.8,0.0,1.8,0.0
NETPACKET,T0602,5.0,0.0,4.8,0.0
NETPACKET,T0603,5.2,0.0,4.6,0.0
NETPACKET,T0604,4.4,0.0,4.4,0.0
NETPACKET,T0605,2.2,0.0,2.2,0.0
NETPACKET,T0606,6.0,0.0,5.8,0.0
NETPACKET,T0607,2.0,0.0,2.0,0.0
NETPACKET,T0608,8.8,0.0,8.8,0.0
NETPACKET,T0609,5.8,0.0,6.0,0.0
NETPACKET,T0610,4.2,0.0,4.2,0.0
NETPACKET,T0611,2.4,0.0,2.4,0.0
NETPACKET,T0612,4.8,0.0,5.0,0.0
NETPACKET,T0613,1.8,0.0,1.8,0.0
NETPACKET,T0614,4.4,0.0,4.4,0.0
NETPACKET,T0615,5.0,0.0,5.4,0.0
NETPACKET,T0616,4.6,0.0,4.4,0.0
NETPACKET,T0617,1.8,0.0,1.8,0.0
NETPACKET,T0618,5.2,0.0,5.2,0.0
NETPACKET,T0619,2.4,0.0,2.4,0.0
NETPACKET,T0620,8.4,0.0,8.4,0.0
NETPACKET,T0621,6.0,0.0,6.2,0.0
NETPACKET,T0622,4.4,0.0,4.4,0.0
NETPACKET,T0623,2.2,0.0,2.4,0.0
NETPACKET,T0624,5.2,0.0,5.2,0.0
NETPACKET,T0625,2.0,0.0,2.0,0.0
NETPACKET,T0626,4.6,0.0,4.6,0.0
NETPACKET,T0627,3.0,0.0,3.0,0.0
NETPACKET,T0628,4.4,0.0,4.4,0.0
NETPACKET,T0629,2.2,0.0,2.2,0.0
NETPACKET,T0630,5.4,0.0,5.4,0.0
NETPACKET,T0631,2.2,0.0,2.2,0.0
NETPACKET,T0632,8.6,0.0,8.6,0.0
NETPACKET,T0633,5.8,0.0,6.0,0.0
NETPACKET,T0634,4.4,0.0,4.4,0.0
NETPACKET,T0635,3.6,0.0,3.8,0.0
NETPACKET,T0636,5.0,0.0,5.0,0.0
NETPACKET,T0637,2.4,0.0,2.4,0.0
NETPACKET,T0638,4.6,0.0,4.6,0.0
NETPACKET,T0639,3.0,0.0,3.0,0.0
NETPACKET,T0640,6.2,0.0,6.6,0.0
NETPACKET,T0641,1.8,0.0,1.8,0.0
NETPACKET,T0642,4.4,0.0,4.4,0.0
NETPACKET,T0643,3.2,0.0,3.2,0.0
NETPACKET,T0644,8.6,0.0,8.4,0.0
NETPACKET,T0645,6.0,0.0,6.2,0.0
NETPACKET,T0646,4.4,0.0,4.4,0.0
NETPACKET,T0647,2.0,0.0,2.2,0.0
NETPACKET,T0648,4.6,0.0,4.6,0.0
NETPACKET,T0649,2.6,0.0,2.6,0.0
NETPACKET,T0650,5.4,0.0,5.8,0.0
NETPACKET,T0651,3.0,0.0,3.0,0.0
NETPACKET,T0652,4.4,0.0,4.4,0.0
NETPACKET,T0653,2.6,0.0,2.6,0.0
NETPACKET,T0654,4.6,0.0,4.6,0.0
NETPACKET,T0655,3.0,0.0,3.0,0.0
NETPACKET,T0656,8.8,0.0,8.8,0.0
NETPACKET,T0657,5.4,0.0,5.6,0.0
NETPACKET,T0658,4.4,0.0,4.2,0.0
NETPACKET,T0659,2.2,0.0,2.2,0.0
NETPACKET,T0660,4.6,0.0,4.6,0.0
NETPACKET,T0661,2.6,0.0,2.6,0.0
NETPACKET,T0662,4.8,0.0,4.8,0.0
NETPACKET,T0663,3.4,0.0,3.4,0.0
NETPACKET,T0664,4.6,0.0,4.6,0.0
NETPACKET,T0665,2.0,0.0,2.0,0.0
NETPACKET,T0666,6.8,0.0,7.0,0.0
NETPACKET,T0667,3.0,0.0,2.8,0.0
NETPACKET,T0668,8.6,0.0,8.6,0.0
NETPACKET,T0669,6.0,0.0,6.2,0.0
NETPACKET,T0670,4.2,0.0,4.2,0.0
NETPACKET,T0671,2.4,0.0,2.6,0.0
NETPACKET,T0672,4.8,0.0,4.8,0.0
NETPACKET,T0673,2.0,0.0,1.8,0.0
NETPACKET,T0674,5.2,0.0,5.2,0.0
NETPACKET,T0675,3.2,0.0,3.2,0.0
NETPACKET,T0676,4.2,0.0,4.2,0.0
NETPACKET,T0677,2.2,0.0,2.2,0.0
NETPACKET,T0678,4.8,0.0,4.8,0.0
NETPACKET,T0679,2.2,0.0,2.2,0.0
NETPACKET,T0680,9.2,0.0,9.2,0.0
NETPACKET,T0681,7.4,0.0,8.0,0.0
NETPACKET,T0682,4.4,0.0,4.4,0.0
NETPACKET,T0683,2.0,0.0,2.0,0.0
NETPACKET,T0684,4.8,0.0,4.8,0.0
NETPACKET,T0685,1.8,0.0,1.8,0.0
NETPACKET,T0686,5.2,0.0,5.2,0.0
NETPACKET,T0687,3.4,0.0,3.2,0.0
NETPACKET,T0688,4.4,0.0,4.4,0.0
NETPACKET,T0689,1.8,0.0,1.8,0.0
NETPACKET,T0690,4.6,0.0,4.8,0.0
NETPACKET,T0691,2.6,0.0,2.6,0.0
NETPACKET,T0692,9.2,0.0,9.2,0.0
NETPACKET,T0693,6.0,0.0,6.2,0.0
NETPACKET,T0694,4.4,0.0,4.4,0.0
NETPACKET,T0695,4.6,0.0,4.4,0.0
NETPACKET,T0696,4.6,0.0,4.6,0.0
NETPACKET,T0697,2.4,0.0,2.4,0.0
NETPACKET,T0698,5.0,0.0,5.2,0.0
NETPACKET,T0699,3.0,0.0,3.0,0.0
NETPACKET,T0700,7.2,0.0,7.8,0.0
NETPACKET,T0701,4.0,0.0,4.2,0.0
NETPACKET,T0702,6.6,0.0,6.8,0.0
NETPACKET,T0703,2.8,0.0,2.8,0.0
NETPACKET,T0704,8.8,0.0,8.8,0.0
NETPACKET,T0705,6.2,0.0,6.6,0.0
NETPACKET,T0706,4.4,0.0,4.4,0.0
NETPACKET,T0707,2.2,0.0,2.2,0.0
NETPACKET,T0708,4.8,0.0,4.8,0.0
NETPACKET,T0709,1.8,0.0,1.8,0.0
NETPACKET,T0710,4.4,0.0,4.4,0.0
NETPACKET,T0711,4.6,0.0,4.8,0.0
NETPACKET,T0712,3.6,0.0,3.4,0.0
NETPACKET,T0713,3.6,0.0,4.2,0.0
NETPACKET,T0714,3.8,0.0,4.0,0.0
NETPACKET,T0715,3.6,0.0,3.4,0.0
NETPACKET,T0716,7.2,0.0,7.2,0.0
NETPACKET,T0717,7.8,0.0,8.2,0.0
NETPACKET,T0718,3.2,0.0,3.2,0.0
NETPACKET,T0719,3.2,0.0,3.4,0.0
NETPACKET,T0720,3.6,0.0,3.6,0.0
NETPACKET,T0721,3.0,0.0,3.0,0.0
NETPACKET,T0722,3.4,0.0,3.4,0.0
NETPACKET,T0723,4.8,0.0,5.0,0.0
NETPACKET,T0724,3.0,0.0,3.0,0.0
NETPACKET,T0725,3.4,0.0,3.4,0.0
NETPACKET,T0726,3.4,0.0,3.4,0.0
NETPACKET,T0727,3.4,0.0,3.4,0.0
NETPACKET,T0728,7.4,0.0,7.4,0.0
NETPACKET,T0729,7.8,0.0,7.8,0.0
NETPACKET,T0730,3.7,0.0,3.7,0.0
NETPACKET,T0731,2.2,0.0,2.2,0.0
NETPACKET,T0732,4.4,0.0,4.4,0.0
NETPACKET,T0733,2.0,0.0,2.0,0.0
NETPACKET,T0734,4.4,0.0,4.4,0.0
NETPACKET,T0735,3.2,0.0,3.2,0.0
NETPACKET,T0736,5.0,0.0,5.0,0.0
NETPACKET,T0737,2.2,0.0,2.2,0.0
NETPACKET,T0738,4.4,0.0,4.4,0.0
NETPACKET,T0739,2.2,0.0,2.2,0.0
NETPACKET,T0740,8.8,0.0,8.8,0.0
NETPACKET,T0741,5.6,0.0,5.8,0.0
NETPACKET,T0742,5.0,0.0,5.2,0.0
NETPACKET,T0743,2.4,0.0,2.6,0.0
NETPACKET,T0744,4.8,0.0,4.4,0.0
NETPACKET,T0745,2.2,0.0,2.2,0.0
NETPACKET,T0746,4.4,0.0,4.4,0.0
NETPACKET,T0747,4.8,0.0,5.2,0.0
NETPACKET,T0748,5.0,0.0,5.0,0.0
NETPACKET,T0749,2.2,0.0,2.2,0.0
NETPACKET,T0750,4.6,0.0,4.8,0.0
NETPACKET,T0751,2.0,0.0,2.0,0.0
NETPACKET,T0752,8.8,0.0,8.8,0.0
NETPACKET,T0753,5.6,0.0,5.8,0.0
NETPACKET,T0754,5.6,0.0,5.6,0.0
NETPACKET,T0755,2.2,0.0,2.2,0.0
NETPACKET,T0756,6.0,0.0,6.0,0.0
NETPACKET,T0757,2.0,0.0,2.0,0.0
NETPACKET,T0758,4.6,0.0,4.4,0.0
NETPACKET,T0759,3.4,0.0,3.4,0.0
NETPACKET,T0760,4.4,0.0,4.4,0.0
NETPACKET,T0761,4.4,0.0,4.0,0.0
NETPACKET,T0762,6.2,0.0,6.6,0.0
NETPACKET,T0763,2.2,0.0,2.2,0.0
NETPACKET,T0764,8.6,0.0,8.6,0.0
NETPACKET,T0765,5.6,0.0,5.8,0.0
NETPACKET,T0766,4.6,0.0,4.6,0.0
NETPACKET,T0767,2.6,0.0,2.8,0.0
NETPACKET,T0768,4.4,0.0,4.4,0.0
NETPACKET,T0769,2.2,0.0,2.2,0.0
NETPACKET,T0770,5.2,0.0,5.2,0.0
NETPACKET,T0771,6.0,0.0,5.2,0.0
NETPACKET,T0772,4.8,0.0,4.6,0.0
NETPACKET,T0773,2.6,0.0,2.6,0.0
NETPACKET,T0774,4.8,0.0,4.8,0.0
NETPACKET,T0775,2.8,0.0,3.2,0.0
NETPACKET,T0776,8.6,0.0,8.6,0.0
NETPACKET,T0777,6.0,0.0,6.0,0.0
NETPACKET,T0778,4.8,0.0,4.8,0.0
NETPACKET,T0779,2.4,0.0,2.4,0.0
NETPACKET,T0780,4.8,0.0,4.8,0.0
NETPACKET,T0781,2.2,0.0,2.2,0.0
NETPACKET,T0782,4.2,0.0,4.2,0.0
NETPACKET,T0783,3.4,0.0,3.4,0.0
NETPACKET,T0784,4.4,0.0,4.4,0.0
NETPACKET,T0785,2.4,0.0,2.4,0.0
NETPACKET,T0786,5.0,0.0,4.8,0.0
NETPACKET,T0787,2.0,0.0,2.0,0.0
NETPACKET,T0788,8.8,0.0,8.8,0.0
NETPACKET,T0789,5.8,0.0,6.0,0.0
NETPACKET,T0790,4.6,0.0,4.6,0.0
NETPACKET,T0791,2.0,0.0,2.2,0.0
NETPACKET,T0792,5.2,0.0,5.2,0.0
NETPACKET,T0793,2.0,0.0,2.0,0.0
NETPACKET,T0794,4.4,0.0,4.4,0.0
NETPACKET,T0795,3.4,0.0,3.4,0.0
NETPACKET,T0796,4.2,0.0,4.2,0.0
NETPACKET,T0797,2.0,0.0,2.0,0.0
NETPACKET,T0798,5.4,0.0,5.6,0.0
NETPACKET,T0799,1.8,0.0,1.8,0.0
NETPACKET,T0800,9.2,0.0,9.0,0.0
NETPACKET,T0801,5.6,0.0,5.6,0.0
NETPACKET,T0802,4.6,0.0,4.6,0.0
NETPACKET,T0803,2.0,0.0,2.0,0.0
NETPACKET,T0804,5.2,0.0,5.2,0.0
NETPACKET,T0805,2.0,0.0,2.0,0.0
NETPACKET,T0806,4.2,0.0,4.2,0.0
NETPACKET,T0807,3.6,0.0,3.6,0.0
NETPACKET,T0808,4.0,0.0,4.0,0.0
NETPACKET,T0809,2.2,0.0,2.2,0.0
NETPACKET,T0810,5.8,0.0,6.0,0.0
NETPACKET,T0811,1.8,0.0,1.8,0.0
NETPACKET,T0812,8.8,0.0,9.2,0.0
NETPACKET,T0813,7.2,0.0,7.6,0.0
NETPACKET,T0814,4.4,0.0,4.4,0.0
NETPACKET,T0815,2.4,0.0,2.4,0.0
NETPACKET,T0816,6.6,0.0,6.6,0.0
NETPACKET,T0817,1.8,0.0,1.8,0.0
NETPACKET,T0818,4.6,0.0,4.6,0.0
NETPACKET,T0819,3.4,0.0,3.4,0.0
NETPACKET,T0820,7.0,0.0,7.4,0.0
NETPACKET,T0821,2.4,0.0,2.6,0.0
NETPACKET,T0822,6.6,0.0,7.0,0.0
NETPACKET,T0823,2.2,0.0,2.2,0.0
NETPACKET,T0824,9.2,0.0,9.2,0.0
NETPACKET,T0825,5.2,0.0,5.2,0.0
NETPACKET,T0826,4.6,0.0,4.6,0.0
NETPACKET,T0827,2.2,0.0,2.2,0.0
NETPACKET,T0828,4.4,0.0,4.6,0.0
NETPACKET,T0829,3.0,0.0,2.8,0.0
NETPACKET,T0830,4.4,0.0,4.4,0.0
NETPACKET,T0831,3.4,0.0,3.4,0.0
NETPACKET,T0832,4.6,0.0,4.6,0.0
NETPACKET,T0833,1.8,0.0,1.8,0.0
NETPACKET,T0834,4.6,0.0,4.6,0.0
NETPACKET,T0835,2.8,0.0,3.0,0.0
NETPACKET,T0836,8.8,0.0,9.0,0.0
NETPACKET,T0837,6.4,0.0,6.8,0.0
NETPACKET,T0838,4.6,0.0,4.6,0.0
NETPACKET,T0839,2.2,0.0,2.4,0.0
NETPACKET,T0840,4.4,0.0,4.4,0.0
NETPACKET,T0841,6.6,0.0,6.4,0.0
NETPACKET,T0842,4.6,0.0,4.6,0.0
NETPACKET,T0843,3.2,0.0,3.0,0.0
NETPACKET,T0844,4.6,0.0,4.6,0.0
NETPACKET,T0845,3.6,48.5,4.4,48.5
NETPACKET,T0846,4.6,0.0,4.6,0.0
NETPACKET,T0847,2.8,0.0,3.2,0.0
NETPACKET,T0848,9.2,0.0,9.2,0.0
NETPACKET,T0849,5.4,0.0,5.4,0.0
NETPACKET,T0850,4.4,0.0,4.4,0.0
NETPACKET,T0851,4.6,0.0,4.8,0.0
NETPACKET,T0852,4.6,0.0,4.8,0.0
NETPACKET,T0853,2.6,0.0,2.8,0.0
NETPACKET,T0854,4.4,0.0,4.4,0.0
NETPACKET,T0855,3.2,0.0,3.2,0.0
NETPACKET,T0856,4.4,0.0,4.4,0.0
NETPACKET,T0857,2.4,0.0,2.2,0.0
NETPACKET,T0858,4.8,0.0,4.8,0.0
NETPACKET,T0859,4.6,0.0,4.8,0.0
NETPACKET,T0860,9.2,0.0,9.4,0.0
NETPACKET,T0861,5.6,0.0,5.6,0.0
NETPACKET,T0862,4.6,0.0,4.6,0.0
NETPACKET,T0863,2.2,0.0,2.4,0.0
NETPACKET,T0864,4.4,0.0,4.4,0.0
NETPACKET,T0865,2.2,0.0,2.2,0.0
NETPACKET,T0866,5.0,0.0,5.0,0.0
NETPACKET,T0867,3.0,0.0,3.0,0.0
NETPACKET,T0868,4.6,0.0,4.6,0.0
NETPACKET,T0869,2.2,0.0,2.2,0.0
NETPACKET,T0870,4.8,0.0,4.8,0.0
NETPACKET,T0871,2.2,0.0,2.2,0.0
NETPACKET,T0872,9.4,0.0,9.4,0.0
NETPACKET,T0873,5.6,0.0,5.6,0.0
NETPACKET,T0874,4.4,0.0,4.4,0.0
NETPACKET,T0875,3.0,0.0,3.2,0.0
NETPACKET,T0876,5.6,0.0,5.4,0.0
NETPACKET,T0877,2.0,0.0,2.0,0.0
NETPACKET,T0878,5.2,0.0,5.2,0.0
NETPACKET,T0879,4.8,0.0,5.2,0.0
NETPACKET,T0880,4.4,0.0,4.4,0.0
NETPACKET,T0881,2.0,0.0,2.0,0.0
NETPACKET,T0882,6.2,0.0,6.2,0.0
NETPACKET,T0883,3.4,0.0,3.8,0.0
NETPACKET,T0884,9.4,0.0,9.6,0.0
NETPACKET,T0885,5.6,0.0,5.6,0.0
NETPACKET,T0886,4.6,0.0,4.4,0.0
NETPACKET,T0887,2.2,0.0,2.4,0.0
NETPACKET,T0888,4.8,0.0,4.8,0.0
NETPACKET,T0889,2.0,0.0,2.0,0.0
NETPACKET,T0890,4.4,0.0,4.4,0.0
NETPACKET,T0891,3.8,0.0,4.4,0.0
NETPACKET,T0892,4.2,0.0,3.8,0.0
NETPACKET,T0893,2.6,0.0,2.8,0.0
NETPACKET,T0894,4.2,0.0,4.0,0.0
NETPACKET,T0895,3.2,0.0,3.2,0.0
NETPACKET,T0896,7.8,0.0,7.8,0.0
NETPACKET,T0897,7.8,0.0,7.8,0.0
NETPACKET,T0898,3.0,0.0,3.0,0.0
NETPACKET,T0899,4.8,0.0,4.8,0.0
NETPACKET,T0900,3.6,0.0,3.4,0.0
NETPACKET,T0901,3.2,0.0,3.2,0.0
NETPACKET,T0902,3.2,0.0,3.2,0.0
NETPACKET,T0903,5.0,0.0,5.0,0.0
NETPACKET,T0904,3.2,0.0,3.2,0.0
NETPACKET,T0905,3.2,0.0,3.2,0.0
NETPACKET,T0906,3.4,0.0,3.4,0.0
NETPACKET,T0907,3.2,0.0,3.2,0.0
NETPACKET,T0908,8.0,0.0,8.0,0.0
NETPACKET,T0909,7.8,0.0,7.8,0.0
NETPACKET,T0910,3.0,0.0,3.0,0.0
NETPACKET,T0911,3.6,0.0,4.0,0.0
NETPACKET,T0912,3.2,0.0,3.2,0.0
NETPACKET,T0913,2.2,0.0,2.2,0.0
NETPACKET,T0914,4.8,0.0,4.6,0.0
NETPACKET,T0915,3.0,0.0,3.0,0.0
NETPACKET,T0916,5.2,0.0,5.2,0.0
NETPACKET,T0917,2.0,0.0,2.0,0.0
NETPACKET,T0918,4.6,0.0,4.6,0.0
NETPACKET,T0919,2.2,0.0,2.2,0.0
NETPACKET,T0920,8.8,0.0,9.0,0.0
NETPACKET,T0921,5.6,0.0,5.8,0.0
NETPACKET,T0922,5.2,0.0,5.2,0.0
NETPACKET,T0923,2.2,0.0,2.2,0.0
NETPACKET,T0924,4.6,0.0,4.6,0.0
NETPACKET,T0925,2.0,0.0,2.0,0.0
NETPACKET,T0926,4.6,0.0,4.6,0.0
NETPACKET,T0927,3.0,0.0,3.0,0.0
NETPACKET,T0928,5.4,0.0,5.2,0.0
NETPACKET,T0929,1.8,0.0,1.8,0.0
NETPACKET,T0930,6.0,0.0,5.6,0.0
NETPACKET,T0931,2.6,0.0,2.8,0.0
NETPACKET,T0932,8.6,0.0,8.8,0.0
NETPACKET,T0933,5.6,0.0,5.6,0.0
NETPACKET,T0934,5.0,0.0,5.2,0.0
NETPACKET,T0935,2.2,0.0,2.4,0.0
NETPACKET,T0936,5.8,0.0,5.8,0.0
NETPACKET,T0937,2.2,0.0,2.2,0.0
NETPACKET,T0938,4.6,0.0,4.6,0.0
NETPACKET,T0939,3.2,0.0,3.2,0.0
NETPACKET,T0940,8.0,0.0,8.4,0.0
NETPACKET,T0941,2.4,0.0,2.6,0.0
NETPACKET,T0942,4.6,0.0,4.6,0.0
NETPACKET,T0943,2.2,0.0,2.0,0.0
NETPACKET,T0944,10.4,0.0,10.8,0.0
NETPACKET,T0945,7.2,0.0,7.6,0.0
NETPACKET,T0946,4.6,0.0,4.6,0.0
NETPACKET,T0947,3.0,0.0,3.0,0.0
NETPACKET,T0948,4.2,0.0,4.2,0.0
NETPACKET,T0949,2.0,0.0,2.4,0.0
NETPACKET,T0950,4.4,0.0,4.4,0.0
NETPACKET,T0951,3.2,0.0,3.2,0.0
NETPACKET,T0952,4.6,0.0,4.6,0.0
NETPACKET,T0953,3.2,0.0,3.4,0.0
NETPACKET,T0954,4.6,0.0,4.6,0.0
NETPACKET,T0955,2.4,0.0,2.4,0.0
NETPACKET,T0956,8.4,0.0,8.4,0.0
NETPACKET,T0957,6.4,0.0,6.2,0.0
NETPACKET,T0958,4.6,0.0,4.6,0.0
NETPACKET,T0959,2.4,0.0,2.8,0.0
NETPACKET,T0960,4.8,0.0,4.8,0.0
NETPACKET,T0961,2.0,0.0,2.0,0.0
NETPACKET,T0962,5.4,0.0,5.8,0.0
NETPACKET,T0963,3.0,0.0,3.2,0.0
NETPACKET,T0964,4.6,0.0,4.6,0.0
NETPACKET,T0965,3.4,0.0,3.6,0.0
NETPACKET,T0966,4.6,0.0,4.6,0.0
NETPACKET,T0967,2.2,0.0,2.2,0.0
NETPACKET,T0968,8.6,0.0,8.6,0.0
NETPACKET,T0969,5.6,0.0,5.6,0.0
NETPACKET,T0970,4.8,0.0,4.8,0.0
NETPACKET,T0971,2.6,0.0,2.6,0.0
NETPACKET,T0972,4.6,0.0,4.6,0.0
NETPACKET,T0973,2.0,0.0,2.0,0.0
NETPACKET,T0974,4.4,0.0,4.4,0.0
NETPACKET,T0975,3.2,0.0,3.2,0.0
NETPACKET,T0976,4.6,0.0,4.6,0.0
NETPACKET,T0977,1.6,0.0,1.8,0.0
NETPACKET,T0978,5.2,0.0,5.4,0.0
NETPACKET,T0979,2.4,0.0,2.4,0.0
NETPACKET,T0980,8.4,0.0,8.4,0.0
NETPACKET,T0981,6.0,0.0,6.2,0.0
NETPACKET,T0982,4.6,0.0,4.6,0.0
NETPACKET,T0983,1.8,0.0,2.0,0.0
NETPACKET,T0984,5.2,0.0,5.4,0.0
NETPACKET,T0985,2.2,0.0,2.0,0.0
NETPACKET,T0986,4.4,0.0,4.4,0.0
NETPACKET,T0987,3.2,0.0,3.2,0.0
NETPACKET,T0988,4.4,0.0,4.4,0.0
NETPACKET,T0989,2.0,0.0,2.0,0.0
NETPACKET,T0990,5.4,0.0,5.6,0.0
NETPACKET,T0991,2.0,0.0,2.0,0.0
NETPACKET,T0992,8.8,0.0,8.8,0.0
NETPACKET,T0993,5.6,0.0,5.6,0.0
NETPACKET,T0994,4.6,0.0,4.6,0.0
NETPACKET,T0995,2.6,0.0,2.2,0.0
NETPACKET,T0996,6.8,0.0,7.0,0.0
NETPACKET,T0997,1.8,0.0,1.8,0.0
NETPACKET,T0998,6.0,41.8,6.6,41.8
NETPACKET,T0999,4.0,0.0,4.0,0.0
NETPACKET,T1000,4.4,0.0,4.4,0.0
